id;fold;val_score;representation
11;0;0.15721693325066727;repr
11;1;0.1521823523460853;repr
11;2;0.13475276673964723;repr
11;3;0.18497902308812272;repr
11;4;0.14356340883593177;repr
11;5;0.13432769766925762;repr
11;6;0.13752906543026905;repr
11;7;0.1350485305862309;repr
11;8;0.1483246699989104;repr
11;9;0.15259965084400545;repr
