id;fold;val_score;representation
12;0;0.1568052361320637;repr
12;1;0.1583939326761371;repr
12;2;0.1351961677302685;repr
12;3;0.1895276499882935;repr
12;4;0.14931405382168272;repr
12;5;0.13037172994977883;repr
12;6;0.14799515709986458;repr
12;7;0.14896583741016642;repr
12;8;0.14353018335027562;repr
12;9;0.1497718339392648;repr
