id;fold;val_score;representation
13;0;0.15966788002147114;repr
13;1;0.1495839004605523;repr
13;2;0.13501691932660484;repr
13;3;0.19139098652304937;repr
13;4;0.13362550187764496;repr
13;5;0.11805101998193084;repr
13;6;0.13648522697587323;repr
13;7;0.12251560547114572;repr
13;8;0.14960281114250096;repr
13;9;0.15095691123006227;repr
