id;fold;val_score;representation
14;0;0.15704531820834064;repr
14;1;0.14545847250274735;repr
14;2;0.13064953267663065;repr
14;3;0.18498103162374951;repr
14;4;0.14647680144069317;repr
14;5;0.12885563709723621;repr
14;6;0.1365406637709757;repr
14;7;0.13852951927100426;repr
14;8;0.1400215021379162;repr
14;9;0.16561701413539495;repr
