id;fold;val_score;representation
15;0;0.17141208733412408;repr
15;1;0.15915596932350345;repr
15;2;0.13779566661626244;repr
15;3;0.19433072207625257;repr
15;4;0.14488187839938071;repr
15;5;0.11706241838765931;repr
15;6;0.13167850473652193;repr
15;7;0.1357127012121112;repr
15;8;0.19173342900339407;repr
15;9;0.14653974900022027;repr
