id;fold;val_score;representation
16;0;0.15966031367780661;repr
16;1;0.17117798245141275;repr
16;2;0.13523297391356626;repr
16;3;0.18380596290292997;repr
16;4;0.13870399403204872;repr
16;5;0.13431102275912993;repr
16;6;0.13698182267843784;repr
16;7;0.14608927444725806;repr
16;8;0.14760874786837064;repr
16;9;0.15326018710976988;repr
