id;fold;val_score;representation
18;0;0.15983921835450987;repr
18;1;0.17135447327022504;repr
18;2;0.13455851562440885;repr
