id;fold;val_score;representation
18;0;0.15983921835450987;repr
18;1;0.17135447327022504;repr
18;2;0.13455851562440885;repr
18;3;0.18860067814140086;repr
18;4;0.13806619514943444;repr
18;5;0.13771788524737757;repr
18;6;0.13868696643418546;repr
18;7;0.1352694412166545;repr
18;8;0.14722041244705045;repr
18;9;0.15023676828432653;repr
