id;fold;val_score;representation
19;0;0.1574820080388836;repr
19;1;0.15400139071713922;repr
19;2;0.13203008109347922;repr
19;3;0.18939294309315235;repr
19;4;0.13366366218615333;repr
19;5;0.13779776690456313;repr
19;6;0.13864735200260261;repr
19;7;0.14444485815525643;repr
19;8;0.1523750746018859;repr
19;9;0.1502150667074734;repr
