id;fold;val_score;representation
20;0;0.16015048817227226;repr
20;1;0.15822128259135976;repr
20;2;0.13394474934125475;repr
20;3;0.19033759818042528;repr
20;4;0.1456106779049725;repr
20;5;0.13957895062042436;repr
20;6;0.13704057311928197;repr
20;7;0.14541819779547227;repr
20;8;0.15308642937862688;repr
20;9;0.14785788471518774;repr
