id;fold;val_score;representation
21;0;0.15929398124412902;repr
21;1;0.16040844927501352;repr
21;2;0.13384199326769525;repr
21;3;0.19677175506404856;repr
21;4;0.14535692595157437;repr
21;5;0.1363463266309214;repr
21;6;0.13879573331585168;repr
21;7;0.13055168839995732;repr
21;8;0.13708218151592333;repr
21;9;0.14447003185603954;repr
