id;fold;val_score;representation
22;0;0.15659424733343066;repr
22;1;0.16311711454026104;repr
22;2;0.1315649732776652;repr
22;3;0.18698500775814167;repr
22;4;0.13787149378266478;repr
22;5;0.1373924726869899;repr
22;6;0.15073943947707746;repr
22;7;0.1367263253746201;repr
22;8;0.1481162889164858;repr
22;9;0.15148555192895186;repr
