id;fold;val_score;representation
23;0;0.15646211458502224;repr
23;1;0.1507018198099587;repr
23;2;0.1332852398138854;repr
23;3;0.1915465526799826;repr
23;4;0.14409215457627275;repr
23;5;0.13370033843412601;repr
23;6;0.14943705319036932;repr
23;7;0.1351399237995148;repr
23;8;0.1480996888659781;repr
23;9;0.1536105211804751;repr
