id;fold;val_score;representation
25;0;0.15877151485329424;repr
25;1;0.14989265083905498;repr
25;2;0.13448401078272923;repr
25;3;0.18775894984301517;repr
25;4;0.14519627789029912;repr
25;5;0.13716746773419664;repr
25;6;0.1456107856793113;repr
25;7;0.13577581909337916;repr
25;8;0.15016580760208392;repr
25;9;0.13834442112450562;repr
