id;fold;val_score;representation
27;0;0.15719681816857115;repr
27;1;0.19653960406005;repr
27;2;0.13613820662484039;repr
27;3;0.1898920825072013;repr
27;4;0.13841170518290855;repr
27;5;0.13255236942180393;repr
27;6;0.14411419184155824;repr
27;7;0.14668298182045852;repr
27;8;0.1452524461533129;repr
27;9;0.1475255425231537;repr
