id;fold;val_score;representation
28;0;0.15945793136252387;repr
28;1;0.15574569751497055;repr
28;2;0.13487895570900832;repr
28;3;0.18633773916155977;repr
28;4;0.14459046720081195;repr
28;5;0.133850982333308;repr
28;6;0.13895863146943427;repr
28;7;0.1368691533321343;repr
28;8;0.1530117441052999;repr
28;9;0.15004242178216887;repr
