id;fold;val_score;representation
29;0;0.1597157499124281;repr
29;1;0.15809748553602437;repr
29;2;0.13633966844530243;repr
29;3;0.18577396239501365;repr
29;4;0.14283663066317107;repr
29;5;0.13893561581194894;repr
29;6;0.1395531616567057;repr
29;7;0.14296570091649372;repr
29;8;0.15032110475162508;repr
29;9;0.14965003052448717;repr
