id;fold;val_score;representation
2;0;0.15917394058140236;repr
2;1;0.16429442600496105;repr
2;2;0.1350715402053565;repr
2;3;0.17983163171099492;repr
2;4;0.14369518984815774;repr
2;5;0.13757578073301643;repr
2;6;0.14685943364872314;repr
2;7;0.13043368681498943;repr
2;8;0.14934194168285286;repr
2;9;0.14240156001640228;repr
