id;fold;val_score;representation
30;0;0.1591785670845388;repr
30;1;0.16010837332967168;repr
30;2;0.13319426221184347;repr
30;3;0.18512694582294698;repr
30;4;0.1470709197426568;repr
30;5;0.12795846881028458;repr
30;6;0.13929440657029976;repr
30;7;0.1398937678861484;repr
30;8;0.1474092887218344;repr
30;9;0.15315283632091645;repr
