id;fold;val_score;representation
33;0;0.15763662281325796;repr
33;1;0.15444648162600963;repr
33;2;0.13506836675506861;repr
33;3;0.19012588719751625;repr
33;4;0.13853208565790068;repr
33;5;0.1295337217121581;repr
33;6;0.14575841922040764;repr
33;7;0.1364525578472925;repr
33;8;0.14993564939438617;repr
33;9;0.14928081941932766;repr
