id;fold;val_score;representation
34;0;0.16070254248532054;repr
34;1;0.15055105068955169;repr
34;2;0.14082998600883523;repr
34;3;0.18682356084466287;repr
34;4;0.13598619273405613;repr
34;5;0.12533082402614806;repr
34;6;0.14356511859701326;repr
34;7;0.13301179521104364;repr
34;8;0.14661861064784526;repr
34;9;0.14795574902708086;repr
