id;fold;val_score;representation
35;0;0.1567499042658809;repr
35;1;0.16418996171797165;repr
35;2;0.1350767261072417;repr
35;3;0.1900295015079676;repr
35;4;0.14721699724116855;repr
35;5;0.13583477991134776;repr
35;6;0.14609928427818686;repr
35;7;0.1349473996523446;repr
35;8;0.15168716909838215;repr
35;9;0.16061039470160007;repr
