id;fold;val_score;representation
36;0;0.1602546616294094;repr
36;1;0.16452602420899406;repr
36;2;0.13585491692919585;repr
36;3;0.19153852458511503;repr
36;4;0.13870406647803385;repr
36;5;0.13367601818694774;repr
36;6;0.18687780790551706;repr
36;7;0.14008966841434461;repr
36;8;0.15246983833306876;repr
36;9;0.1592184763509175;repr
