id;fold;val_score;representation
38;0;0.15629762939878766;repr
38;1;0.14943934389632654;repr
38;2;0.1401377941245869;repr
38;3;0.18535887142570717;repr
38;4;0.13030683122950326;repr
38;5;0.13506009357725;repr
38;6;0.1416384233176004;repr
38;7;0.14057836841970736;repr
38;8;0.14296361295477775;repr
38;9;0.14870957688093642;repr
