id;fold;val_score;representation
39;0;0.1652170614766596;repr
39;1;0.14867956245011796;repr
39;2;0.13530330320309467;repr
39;3;0.19005404170749704;repr
39;4;0.14715322903012523;repr
39;5;0.1351744010659851;repr
39;6;0.13881435518314378;repr
39;7;0.1471810804968316;repr
39;8;0.1528401245414381;repr
39;9;0.15469075840434804;repr
