id;fold;val_score;representation
40;0;0.1600281078371086;repr
40;1;0.15892826713440839;repr
40;2;0.13456261806522576;repr
40;3;0.18905469267720193;repr
40;4;0.1360568441993131;repr
40;5;0.1351248786392406;repr
40;6;0.13804421887523977;repr
40;7;0.1362359824256459;repr
40;8;0.14941706406978225;repr
40;9;0.1670126332837561;repr
