id;fold;val_score;representation
41;0;0.16105378928502334;repr
41;1;0.14675669173305436;repr
41;2;0.14487158289569446;repr
41;3;0.18757725044622375;repr
41;4;0.1432060427908381;repr
41;5;0.13437785323970125;repr
41;6;0.14457159716593201;repr
41;7;0.13978971347085006;repr
41;8;0.14741759165005483;repr
41;9;0.1557651665611169;repr
