id;fold;val_score;representation
42;0;0.1593677918222952;repr
42;1;0.1578637077339192;repr
42;2;0.13983377781045314;repr
42;3;0.1812635383115972;repr
42;4;0.13888645885713968;repr
42;5;0.13774248315682913;repr
42;6;0.14378002503038095;repr
42;7;0.13643837514420665;repr
42;8;0.1507715238689139;repr
42;9;0.15093058994768457;repr
