id;fold;val_score;representation
43;0;0.15633590966163097;repr
43;1;0.16028285392653102;repr
43;2;0.13572632738031665;repr
43;3;0.1885163505108209;repr
43;4;0.1318972245503413;repr
43;5;0.12633125232214035;repr
43;6;0.1463586035361647;repr
43;7;0.13209356584650653;repr
43;8;0.1409716041389736;repr
43;9;0.1515269870716949;repr
