id;fold;val_score;representation
44;0;0.15645165222681098;repr
44;1;0.14791091024337516;repr
44;2;0.13487254399586987;repr
44;3;0.1908633951742968;repr
44;4;0.13879303173865143;repr
44;5;0.1391624975346234;repr
44;6;0.13708133027367386;repr
44;7;0.1384140663056056;repr
44;8;0.1486458672219399;repr
44;9;0.14751537781800883;repr
