id;fold;val_score;representation
45;0;0.15768678090136043;repr
45;1;0.14862466511969963;repr
45;2;0.13219028525827425;repr
45;3;0.18327222107880295;repr
45;4;0.13764700034176738;repr
45;5;0.13054992491688047;repr
45;6;0.14454492496812807;repr
45;7;0.1398333167020823;repr
45;8;0.14804561285419768;repr
45;9;0.14505301297125966;repr
