id;fold;val_score;representation
46;0;0.15716974158374636;repr
46;1;0.15977690366798217;repr
46;2;0.13913495240980436;repr
46;3;0.1880859514338547;repr
46;4;0.1314983806492553;repr
46;5;0.1393065951608572;repr
46;6;0.15919566580458988;repr
46;7;0.14383212949404123;repr
46;8;0.14587383040083557;repr
46;9;0.14560427361812314;repr
