id;fold;val_score;representation
47;0;0.15875479807930848;repr
47;1;0.1468571153167668;repr
47;2;0.13472378315182015;repr
47;3;0.19129872908295772;repr
47;4;0.1393598495102654;repr
47;5;0.13105539300238522;repr
47;6;0.14936661668319157;repr
47;7;0.13688631770825424;repr
47;8;0.15060416811740088;repr
47;9;0.14720993202603444;repr
