id;fold;val_score;representation
48;0;0.1592864913840008;repr
48;1;0.15803281303735903;repr
48;2;0.13490494431521943;repr
48;3;0.18048450635054938;repr
48;4;0.13833580786504554;repr
48;5;0.13596857020277212;repr
48;6;0.13649108639228216;repr
48;7;0.1479354703463021;repr
48;8;0.14896133270779083;repr
48;9;0.14512200145062887;repr
