id;fold;val_score;representation
49;0;0.16056139777632814;repr
49;1;0.16043596686177605;repr
49;2;0.13368890158688684;repr
49;3;0.18116653023853851;repr
49;4;0.1353898493383542;repr
49;5;0.1358558391383055;repr
49;6;0.13941250715373535;repr
49;7;0.13600017358955888;repr
49;8;0.1436758936688659;repr
49;9;0.15085855444026391;repr
