id;fold;val_score;representation
4;0;0.16070555352001006;repr
4;1;0.15686612671651162;repr
4;2;0.13734675870535593;repr
4;3;0.21007814447728607;repr
4;4;0.13669407926151317;repr
4;5;0.13994952797646934;repr
4;6;0.13744897678762977;repr
4;7;0.1336405718828317;repr
4;8;0.15005058749186928;repr
4;9;0.1560411899008711;repr
