id;fold;val_score;representation
5;0;0.15722829540181324;repr
5;1;0.1570879511391119;repr
5;2;0.1356514976295666;repr
5;3;0.1850499576670603;repr
5;4;0.1440535458471379;repr
5;5;0.13466394283690047;repr
5;6;0.13692374613315494;repr
5;7;0.13942893960005837;repr
5;8;0.1496324378698619;repr
5;9;0.16060839525286583;repr
