id;fold;val_score;representation
6;0;0.15860949048980766;repr
6;1;0.16026187906743525;repr
6;2;0.13457248255345408;repr
6;3;0.1878067983827966;repr
6;4;0.14143463789849567;repr
6;5;0.1299109471244477;repr
6;6;0.14941542560530863;repr
6;7;0.13771197719407205;repr
6;8;0.15023152441876414;repr
6;9;0.1494874705007134;repr
