id;fold;val_score;representation
7;0;0.15769924218856662;repr
7;1;0.1599019135070162;repr
7;2;0.1341237398671555;repr
7;3;0.18806792046462767;repr
7;4;0.14151396227277885;repr
7;5;0.13206380280234611;repr
7;6;0.1365003333183096;repr
7;7;0.1329880596743083;repr
7;8;0.1441502519088363;repr
7;9;0.14930731592333849;repr
