id;fold;val_score;representation
8;0;0.1593148171407167;repr
8;1;0.14360158830606323;repr
8;2;0.13228259016733426;repr
8;3;0.1848153386966449;repr
8;4;0.13861146961073884;repr
8;5;0.1318912167111677;repr
8;6;0.13573680087122852;repr
8;7;0.1426164659352098;repr
8;8;0.15238912995213072;repr
8;9;0.1551101846198373;repr
