id;fold;val_score;representation
9;0;0.15626819396164496;repr
9;1;0.16022869082805452;repr
9;2;0.14096389484639898;repr
9;3;0.1915766865862906;repr
9;4;0.1427150078813812;repr
9;5;0.12881494750970732;repr
9;6;0.14770258325535585;repr
9;7;0.13549804525010503;repr
9;8;0.14848588382067396;repr
9;9;0.15312865033775291;repr
