model;mean_squared_error;root_mean_squared_error;mean_absolute_error;mean_absolute_percentage_error;r2_score;correlation
Mean;0.004057278603246548;0.06369677074425789;0.051044602376346435;0.010397136637392099;-0.035808031087875225;nan
LinearRegression;0.003362213123551181;0.057984593846565666;0.04770817732505523;0.00972241463325992;0.14163958254760833;0.4278257293337073
