id;fold;val_score;representation
0;0;0.05998967040249867;repr
0;1;0.06608723787800365;repr
0;2;0.06442615189260839;repr
0;3;0.05669828129435842;repr
0;4;0.06699739273898274;repr
0;5;0.06845436173909189;repr
