id;fold;val_score;representation
0;0;0.06607075817643883;repr
0;1;0.06608288416409659;repr
0;2;0.06843154551001225;repr
0;3;0.05920829794416057;repr
0;4;0.0807485231693331;repr
0;5;0.06908768157124506;repr
0;6;0.06375555914125851;repr
0;7;0.06869649065709726;repr
0;8;0.06552493008185872;repr
0;9;0.06817923629591204;repr
