id;fold;val_score;representation
10;0;0.06123235989269027;repr
10;1;0.127961738910045;repr
10;2;0.06505618874253405;repr
10;3;0.0545895975324629;repr
10;4;0.07702528570142858;repr
10;5;0.06957737829219442;repr
10;6;0.06291939007481026;repr
10;7;0.06338065481377188;repr
10;8;0.06906753387627548;repr
10;9;0.06839732475684117;repr
