id;fold;val_score;representation
11;0;0.05993001323901257;repr
11;1;0.06556272766217819;repr
11;2;0.06518499592955755;repr
11;3;0.05808935595333365;repr
11;4;0.07204022100199377;repr
11;5;0.06729665547885244;repr
11;6;0.061908446484198035;repr
11;7;0.06216767207532163;repr
11;8;0.06546312340530332;repr
11;9;0.07008252362412638;repr
