id;fold;val_score;representation
12;0;0.06078755278873846;repr
12;1;0.06491701738355217;repr
12;2;0.06343891376797965;repr
12;3;0.050487443516057676;repr
12;4;0.07057915169642151;repr
12;5;0.06412462755197713;repr
12;6;0.0635878646117515;repr
12;7;0.06129206962721136;repr
12;8;0.06085703741316657;repr
12;9;0.0654738478380389;repr
