id;fold;val_score;representation
13;0;0.06315121963037659;repr
13;1;0.07154194964099213;repr
13;2;0.10008417775411257;repr
13;3;0.05851692243591982;repr
13;4;0.08615831819177257;repr
13;5;0.0721129325175102;repr
13;6;0.13410327031524355;repr
13;7;0.06871034238202624;repr
13;8;0.22731583155084653;repr
13;9;0.06303717895939638;repr
