id;fold;val_score;representation
14;0;0.058179647201701094;repr
14;1;0.06417726878865121;repr
14;2;0.06304635305402324;repr
14;3;0.050687142730740944;repr
14;4;0.06721376430020273;repr
14;5;0.06883895721784916;repr
14;6;0.06120474172654647;repr
14;7;0.0604362451245792;repr
14;8;0.06382392484862985;repr
14;9;0.0687230410628204;repr
