id;fold;val_score;representation
15;0;0.0614683943412052;repr
15;1;0.06428930233640298;repr
15;2;0.06817504170737179;repr
15;3;0.05753061749663264;repr
15;4;0.06805629816787151;repr
15;5;0.0677513018376334;repr
15;6;0.061817442969895255;repr
15;7;0.06404509666314559;repr
15;8;0.06084127385539059;repr
15;9;0.06912136371914411;repr
