id;fold;val_score;representation
16;0;0.06063604092169509;repr
16;1;0.06488026696398597;repr
16;2;0.06315178274918608;repr
16;3;0.055099209518712916;repr
16;4;0.07012208660803818;repr
16;5;0.07775173082737741;repr
16;6;0.0625364059470062;repr
16;7;0.05896458808308131;repr
16;8;0.06502890127425043;repr
16;9;0.06678999568897932;repr
