id;fold;val_score;representation
17;0;0.06146680319072119;repr
17;1;0.07149925512341809;repr
17;2;0.06520890916269909;repr
17;3;0.05139711598835718;repr
17;4;0.06832670160341847;repr
17;5;0.06248806026804201;repr
17;6;0.066283996026139;repr
17;7;0.06716890760377787;repr
17;8;0.0654866190354121;repr
17;9;0.08036581382460535;repr
