id;fold;val_score;representation
19;0;0.060599909289574705;repr
19;1;0.06464865052578185;repr
19;2;0.0634376670543523;repr
19;3;0.056978733944168955;repr
19;4;0.0664061442624896;repr
19;5;0.06885936100375725;repr
19;6;0.06024762285859329;repr
19;7;0.06224134948514462;repr
19;8;0.06194113627484189;repr
19;9;0.06688996288307412;repr
