id;fold;val_score;representation
1;0;0.06222439146338197;repr
1;1;0.06615508870635592;repr
1;2;0.06342760997074609;repr
1;3;0.05302868858975843;repr
1;4;0.07193947687573132;repr
1;5;0.06872323746684388;repr
1;6;0.06290923067722796;repr
1;7;0.0619514582410752;repr
1;8;0.06551224711847164;repr
1;9;0.06574700892079921;repr
