id;fold;val_score;representation
20;0;0.0679498195265596;repr
20;1;0.06944230666888182;repr
20;2;0.07101653870173817;repr
20;3;0.05388887905315129;repr
20;4;0.07404605953801997;repr
20;5;0.07214929005257442;repr
20;6;0.06002057248812957;repr
20;7;0.060640669175711245;repr
20;8;0.06546320666078433;repr
20;9;0.06642086978840119;repr
