id;fold;val_score;representation
21;0;0.06139730854205517;repr
21;1;0.06580701425791523;repr
21;2;0.06356970509647762;repr
21;3;0.07261638955935201;repr
21;4;0.06862806815564;repr
21;5;0.06899613070955561;repr
21;6;0.061862849183247366;repr
21;7;0.06657862788336376;repr
21;8;0.07048523811004348;repr
21;9;0.06232839531646899;repr
