id;fold;val_score;representation
22;0;0.061491722372028296;repr
22;1;0.06227896267528513;repr
22;2;0.06368639280853847;repr
22;3;0.05486972760021098;repr
22;4;0.07863206161715841;repr
22;5;0.0694397177224835;repr
22;6;0.06222993871468035;repr
22;7;0.06357135328537387;repr
22;8;0.06777063543869198;repr
22;9;0.07818754309384351;repr
