id;fold;val_score;representation
23;0;0.06606417682021057;repr
23;1;0.06763344563303167;repr
23;2;0.0635638047505871;repr
23;3;0.05532266745115683;repr
23;4;0.07125195599633177;repr
23;5;0.06986452526725004;repr
23;6;0.06193873808270687;repr
23;7;0.059780463486901435;repr
23;8;0.061262007447415875;repr
23;9;0.06948107322748016;repr
