id;fold;val_score;representation
25;0;0.05809281607780628;repr
25;1;0.06617422195289693;repr
25;2;0.0642572824535785;repr
25;3;0.05699318646682594;repr
25;4;0.06782024923463363;repr
25;5;0.06841310388342092;repr
25;6;0.06337802010225639;repr
25;7;0.05918850342349398;repr
25;8;0.06556760745238116;repr
25;9;0.06807395617772385;repr
