id;fold;val_score;representation
26;0;0.06053340039178961;repr
26;1;0.06048137007478117;repr
26;2;0.06120421580121735;repr
26;3;0.049734562492380216;repr
26;4;0.06749493842362354;repr
26;5;0.06750747987172122;repr
26;6;0.06206835301161097;repr
26;7;0.06146614938456042;repr
26;8;0.06393933090495837;repr
26;9;0.06934237022362262;repr
