id;fold;val_score;representation
27;0;0.05842612235596322;repr
27;1;0.0654742262042724;repr
27;2;0.06355471016868364;repr
27;3;0.053875180029552154;repr
27;4;0.07213403746626748;repr
27;5;0.06774987163078924;repr
27;6;0.06042891351336052;repr
27;7;0.06581433308282957;repr
27;8;0.0653495305102184;repr
27;9;0.06911615675039404;repr
