id;fold;val_score;representation
28;0;0.061577947426081886;repr
28;1;0.07013382229442401;repr
28;2;0.06404452572656254;repr
28;3;0.0595643709643828;repr
28;4;0.07071338487338853;repr
28;5;0.06842748990362438;repr
28;6;0.06230527776678184;repr
28;7;0.05992070711465054;repr
28;8;0.06568561235624715;repr
28;9;0.069230733638878;repr
