id;fold;val_score;representation
29;0;0.06007631911297643;repr
29;1;0.06745857077822877;repr
29;2;0.060202018604085604;repr
29;3;0.05311016068163717;repr
29;4;0.07152370869199814;repr
29;5;0.07053088142936917;repr
29;6;0.06089373988445688;repr
29;7;0.06055907739755556;repr
29;8;0.07104577463331598;repr
29;9;0.06856931074656873;repr
