id;fold;val_score;representation
2;0;0.07313200672123132;repr
2;1;0.11532341237585356;repr
2;2;0.06981662478019418;repr
2;3;0.06366664207641075;repr
2;4;0.07058896846813399;repr
2;5;0.08484623823990814;repr
2;6;0.1507057083244268;repr
2;7;0.06227693762925123;repr
2;8;0.08180224059278637;repr
2;9;0.0641267907815871;repr
