id;fold;val_score;representation
2;0;0.061072392548344005;repr
2;1;0.06652939197484828;repr
2;2;0.05979156646437774;repr
2;3;0.05296420154450834;repr
2;4;0.06889485609251561;repr
