id;fold;val_score;representation
30;0;0.06139758440134918;repr
30;1;0.0670359038693328;repr
30;2;0.06432112555577206;repr
30;3;0.05826441611069166;repr
30;4;0.07174876856139728;repr
30;5;0.0688363822611553;repr
30;6;0.06199237322351092;repr
30;7;0.05964850611355255;repr
30;8;0.0655762806238637;repr
30;9;0.0694413178875911;repr
