id;fold;val_score;representation
31;0;0.06212799591076883;repr
31;1;0.06504057990353873;repr
31;2;0.0635027352548704;repr
31;3;0.05765431248950131;repr
31;4;0.06501170286697616;repr
31;5;0.06996512788931572;repr
31;6;0.0602944814048782;repr
31;7;0.06357622207731795;repr
31;8;0.0658591327036147;repr
31;9;0.06862415920022441;repr
