id;fold;val_score;representation
32;0;0.057847431157962634;repr
32;1;0.07644626559147658;repr
32;2;0.06355418188047224;repr
32;3;0.056616967159895656;repr
32;4;0.07178033221341443;repr
32;5;0.06748197574401851;repr
32;6;0.06010170107826454;repr
32;7;0.060376111338195405;repr
32;8;0.06553893940099559;repr
32;9;0.06609284592100835;repr
