id;fold;val_score;representation
33;0;0.059220935546900694;repr
33;1;0.067049338971233;repr
33;2;0.06353242253910148;repr
33;3;0.055266047441898246;repr
33;4;0.07116698548393802;repr
33;5;0.06844367452339982;repr
33;6;0.05781458708582895;repr
33;7;0.059131635552780816;repr
33;8;0.0655208155489593;repr
33;9;0.06662057402315538;repr
