id;fold;val_score;representation
34;0;0.058913757844211656;repr
34;1;0.065090066214799;repr
34;2;0.06357467868155371;repr
34;3;0.05630550019370057;repr
34;4;0.07172479565597693;repr
34;5;0.0692223674157142;repr
34;6;0.0644740238985717;repr
34;7;0.05920279290810697;repr
34;8;0.0654503736581381;repr
34;9;0.06816428203307685;repr
