id;fold;val_score;representation
35;0;0.06087939466601281;repr
35;1;0.061620164319011766;repr
35;2;0.058593211502645355;repr
35;3;0.05871693554601683;repr
35;4;0.07056780910768598;repr
35;5;0.07038328005242772;repr
35;6;0.06113563918855864;repr
35;7;0.06123900240442179;repr
35;8;0.06542549125558259;repr
35;9;0.06733020333428975;repr
