id;fold;val_score;representation
37;0;0.06730464744260471;repr
37;1;0.061775806236966234;repr
37;2;0.06716968218518801;repr
37;3;0.05598088316995981;repr
37;4;0.07018660884767888;repr
37;5;0.06848466293901095;repr
37;6;0.06191863040623099;repr
37;7;0.06538346293052848;repr
37;8;0.06615002281679087;repr
37;9;0.0661739470731584;repr
