id;fold;val_score;representation
38;0;0.05994187795817549;repr
38;1;0.06479713825097407;repr
38;2;0.0635944201479391;repr
38;3;0.0559483312538959;repr
38;4;0.07149484600217072;repr
38;5;0.0685714265878056;repr
38;6;0.06250529192659375;repr
38;7;0.061935900970476875;repr
38;8;0.0656961552754497;repr
38;9;0.06953584098899399;repr
