id;fold;val_score;representation
39;0;0.06189986699951121;repr
39;1;0.06712352739996552;repr
39;2;0.06312334746012634;repr
39;3;0.05577971253973731;repr
39;4;0.07150953479642683;repr
39;5;0.06542401683667742;repr
39;6;0.06214580221549056;repr
39;7;0.05981243157453943;repr
39;8;0.06615369129712018;repr
39;9;0.06971193509106151;repr
