id;fold;val_score;representation
3;0;0.061485403111122244;repr
3;1;0.06267474151642015;repr
3;2;0.06410416062773014;repr
3;3;0.05612062595381292;repr
3;4;0.07124680242816951;repr
3;5;0.06901628481151831;repr
3;6;0.06266566887046805;repr
3;7;0.06022989531027766;repr
3;8;0.06560969186337794;repr
3;9;0.06386666288381276;repr
