id;fold;val_score;representation
40;0;0.06533469530411777;repr
40;1;0.07034528409073759;repr
40;2;0.06324613418511282;repr
40;3;0.062323399841047115;repr
40;4;0.07124297507182464;repr
40;5;0.0701882416317716;repr
40;6;0.061955367850316835;repr
40;7;0.06487429135992039;repr
40;8;0.06714061153979219;repr
40;9;0.07477332445240431;repr
