id;fold;val_score;representation
41;0;0.06123263065169961;repr
41;1;0.14175709203281214;repr
41;2;0.06566298759843028;repr
41;3;0.06269807957419612;repr
41;4;0.07835632603025847;repr
41;5;0.06931397722595743;repr
41;6;0.07134893992077691;repr
41;7;0.08731927310524898;repr
41;8;0.08113675675196293;repr
41;9;0.06503926964806034;repr
