id;fold;val_score;representation
42;0;0.13346774178605778;repr
42;1;0.06189108111777683;repr
42;2;0.19626076729098726;repr
42;3;0.05808104936789132;repr
42;4;0.07018941310718957;repr
42;5;0.1152693906477507;repr
42;6;0.11597391508132325;repr
42;7;0.06549316919604567;repr
42;8;0.08019727297480955;repr
42;9;0.2281120054963089;repr
