id;fold;val_score;representation
43;0;0.060440271733228836;repr
43;1;0.06659714939589402;repr
43;2;0.06340908969337002;repr
43;3;0.053493394100009736;repr
43;4;0.07216033328410448;repr
43;5;0.0686568063882281;repr
43;6;0.0636291939090593;repr
43;7;0.062111191331021894;repr
43;8;0.06496826351196043;repr
43;9;0.06415584191411933;repr
