id;fold;val_score;representation
44;0;0.0613260772185712;repr
44;1;0.06247109196004746;repr
44;2;0.06379026046089396;repr
44;3;0.05292521088388773;repr
44;4;0.07184644155472623;repr
44;5;0.06318996741304646;repr
44;6;0.0653545144412731;repr
44;7;0.06218543287915338;repr
44;8;0.06549980754270683;repr
44;9;0.06562642509664948;repr
