id;fold;val_score;representation
45;0;0.06138859041487244;repr
45;1;0.0600944862737713;repr
45;2;0.06234387216158781;repr
45;3;0.058293974781004745;repr
45;4;0.0627775350513048;repr
45;5;0.06777855409094381;repr
45;6;0.06188982054536781;repr
45;7;0.06190366937486243;repr
45;8;0.0651862540326556;repr
45;9;0.06814604675668011;repr
