id;fold;val_score;representation
46;0;0.05889281056973979;repr
46;1;0.06502968947125178;repr
46;2;0.07003599074279135;repr
46;3;0.057791348133583324;repr
46;4;0.06864002638824332;repr
46;5;0.06589521560923321;repr
46;6;0.06395703017996515;repr
46;7;0.05708493995881936;repr
46;8;0.06456537067313625;repr
46;9;0.06963061500972577;repr
