id;fold;val_score;representation
47;0;0.063791982963356;repr
47;1;0.11552754210798705;repr
47;2;0.07516447844150553;repr
47;3;0.10215871223929116;repr
47;4;0.13970187483005325;repr
47;5;0.07396490167524507;repr
47;6;0.09493824131943705;repr
47;7;0.06631608287489757;repr
47;8;0.10396438912322181;repr
47;9;0.3244147153589405;repr
