id;fold;val_score;representation
48;0;0.06109078775241597;repr
48;1;0.062341045715527656;repr
48;2;0.058255162565197596;repr
48;3;0.050780079771474626;repr
48;4;0.06834135152641115;repr
48;5;0.06848154802320923;repr
48;6;0.0615526288733302;repr
48;7;0.0588349258572874;repr
48;8;0.06548487472159374;repr
48;9;0.07035609955548104;repr
