id;fold;val_score;representation
49;0;0.06128047492165143;repr
49;1;0.06675824286602992;repr
49;2;0.06342975408855664;repr
49;3;0.05361522057333467;repr
49;4;0.0766676686858435;repr
49;5;0.06831676112350563;repr
49;6;0.061892119327375685;repr
49;7;0.06051381766137625;repr
49;8;0.06554321239094114;repr
49;9;0.062440691942973074;repr
