id;fold;val_score;representation
4;0;0.0607133428823157;repr
4;1;0.06651356151074873;repr
4;2;0.06773504486811818;repr
4;3;0.056238484361730415;repr
4;4;0.07077796065510854;repr
4;5;0.06752704273438011;repr
4;6;0.06187526454844576;repr
4;7;0.062012970988846144;repr
4;8;0.06546897925729817;repr
4;9;0.06689051801958919;repr
