id;fold;val_score;representation
50;0;0.06110873682284048;repr
50;1;0.06718617464902946;repr
50;2;0.06342811704073904;repr
50;3;0.0581704180148545;repr
50;4;0.06979360646675646;repr
50;5;0.06943928347998082;repr
50;6;0.06063107946194243;repr
50;7;0.060021573498933715;repr
50;8;0.06445791366264213;repr
50;9;0.06954520934348403;repr
