id;fold;val_score;representation
51;0;0.06118471055935907;repr
51;1;0.06731579979510247;repr
51;2;0.06367776192434701;repr
51;3;0.05537245830284172;repr
51;4;0.07000911543709154;repr
51;5;0.06809558195117361;repr
51;6;0.06179695073020418;repr
51;7;0.06010052267561841;repr
51;8;0.06254179385919668;repr
51;9;0.0689903486034735;repr
