id;fold;val_score;representation
52;0;0.05878097680667646;repr
52;1;0.06751558782318746;repr
52;2;0.06507249885892427;repr
52;3;0.0467290797075364;repr
52;4;0.06984705974224027;repr
52;5;0.06400487891380695;repr
52;6;0.0607956848354131;repr
52;7;0.06156439709242032;repr
52;8;0.06546735674918575;repr
52;9;0.0677308069119733;repr
