id;fold;val_score;representation
53;0;0.06219167219057783;repr
53;1;0.06825487440085594;repr
53;2;0.06370038316865158;repr
53;3;0.059203628719822786;repr
53;4;0.06486712224142946;repr
53;5;0.06828541842723297;repr
53;6;0.06308328158478499;repr
53;7;0.06691507478682261;repr
53;8;0.0652621964629092;repr
53;9;0.06831415857975065;repr
