id;fold;val_score;representation
54;0;0.05875654039514037;repr
54;1;0.06631564282658323;repr
54;2;0.06480803746315315;repr
54;3;0.052354807669323856;repr
54;4;0.07124088068584955;repr
54;5;0.06273049846497944;repr
54;6;0.05956518895467758;repr
54;7;0.06135800695502649;repr
54;8;0.06529943028068601;repr
54;9;0.06587941701861834;repr
