id;fold;val_score;representation
55;0;0.06122443676151611;repr
55;1;0.07257970355921406;repr
55;2;0.063804231804554;repr
55;3;0.07040530813756214;repr
55;4;0.07001108429625257;repr
55;5;0.06970429604300943;repr
55;6;0.06412143225702215;repr
55;7;0.06553620337454391;repr
55;8;0.06363935673636974;repr
55;9;0.06936939223533735;repr
