id;fold;val_score;representation
56;0;0.06107458280163398;repr
56;1;0.06284027539798681;repr
56;2;0.06356078230044192;repr
56;3;0.057628875254681564;repr
56;4;0.07219899513441586;repr
56;5;0.06855655427277742;repr
56;6;0.06529292840757016;repr
56;7;0.06128945336399802;repr
56;8;0.06517919700694193;repr
56;9;0.07035321521868211;repr
