id;fold;val_score;representation
57;0;0.05988237805439622;repr
57;1;0.06488385814998249;repr
57;2;0.059539604775580776;repr
57;3;0.0522254979546553;repr
57;4;0.0711061535930071;repr
57;5;0.06250842129655504;repr
57;6;0.06278276673159743;repr
57;7;0.06364215802707282;repr
57;8;0.06718384860218406;repr
57;9;0.07457121074373883;repr
