id;fold;val_score;representation
59;0;0.060194758699011;repr
59;1;0.06779140702687522;repr
59;2;0.06695853738497162;repr
59;3;0.05715152163233351;repr
59;4;0.06941430437416234;repr
59;5;0.06878392897719739;repr
59;6;0.06166641993930651;repr
59;7;0.062498895096330026;repr
59;8;0.06540564943265485;repr
59;9;0.06790352852249192;repr
