id;fold;val_score;representation
5;0;0.0976111413432528;repr
5;1;0.08124264246237181;repr
5;2;0.07155490529113108;repr
5;3;0.056314297178272306;repr
5;4;0.07718521774342474;repr
5;5;0.18623473396616816;repr
5;6;0.06291767858340046;repr
5;7;0.07026790276754614;repr
5;8;0.06605116012996169;repr
5;9;0.14713114989841944;repr
