id;fold;val_score;representation
61;0;0.059905567266390854;repr
61;1;0.06678832487515335;repr
61;2;0.06799357287906069;repr
61;3;0.06061415791018194;repr
61;4;0.07054165555066882;repr
61;5;0.06831721233255696;repr
61;6;0.06527024868688243;repr
61;7;0.06258621903519103;repr
61;8;0.06288203674439465;repr
61;9;0.06883301047574782;repr
