id;fold;val_score;representation
62;0;0.06077606700352672;repr
62;1;0.07185892176025606;repr
62;2;0.06032963639707507;repr
62;3;0.060141501209990046;repr
62;4;0.0679938841530212;repr
62;5;0.0686052752961553;repr
62;6;0.06403074025657628;repr
62;7;0.06129772723375024;repr
62;8;0.06606511681788045;repr
62;9;0.06178637632939056;repr
