id;fold;val_score;representation
63;0;0.061571407252160176;repr
63;1;0.0653643595107561;repr
63;2;0.06355390616894496;repr
63;3;0.06720749473374878;repr
63;4;0.07182640296712119;repr
63;5;0.0705742687874825;repr
63;6;0.06801139273514867;repr
63;7;0.06264805272535759;repr
63;8;0.06563528691328685;repr
63;9;0.06701346976907163;repr
