id;fold;val_score;representation
64;0;0.05825915465036551;repr
64;1;0.07329007481919535;repr
64;2;0.0629194368854361;repr
64;3;0.06299066286793893;repr
64;4;0.07135025935250777;repr
64;5;0.07020560983963407;repr
64;6;0.062368800395542594;repr
64;7;0.06517148747622814;repr
64;8;0.0683225516204954;repr
64;9;0.0703127191679313;repr
