id;fold;val_score;representation
65;0;0.06195015890072011;repr
65;1;0.06546347651220843;repr
65;2;0.06307367185763296;repr
65;3;0.04969979668476482;repr
65;4;0.0655447139957522;repr
65;5;0.06344059386916916;repr
65;6;0.05831525273983148;repr
65;7;0.06021369100967303;repr
65;8;0.0643609945010421;repr
65;9;0.0694445876230299;repr
