id;fold;val_score;representation
66;0;0.05993857937682678;repr
66;1;0.06922657747213544;repr
66;2;0.05837810205907998;repr
66;3;0.05460822821482743;repr
66;4;0.07038334589804067;repr
66;5;0.06449881217055785;repr
66;6;0.059500705205160924;repr
66;7;0.061078831577734034;repr
66;8;0.06469730741257981;repr
66;9;0.07003804844889937;repr
