id;fold;val_score;representation
67;0;0.06156610706466472;repr
67;1;0.06897121275008815;repr
67;2;0.06384190959490614;repr
67;3;0.06189202870630423;repr
67;4;0.06854757004863601;repr
67;5;0.0687766651762109;repr
67;6;0.06925118418023626;repr
67;7;0.061337806582966926;repr
67;8;0.06606714587634092;repr
67;9;0.06802789158525838;repr
