id;fold;val_score;representation
68;0;0.06513855280926442;repr
68;1;0.0656811344452774;repr
68;2;0.06276646214860689;repr
68;3;0.057587757515908666;repr
68;4;0.07058498811097132;repr
68;5;0.07012087283475699;repr
68;6;0.06374231895109214;repr
68;7;0.06340336602289406;repr
68;8;0.06334047493952669;repr
68;9;0.06792337621155356;repr
