id;fold;val_score;representation
69;0;0.05853790741417449;repr
69;1;0.06419241295520083;repr
69;2;0.05903663718297829;repr
69;3;0.055844565713935215;repr
69;4;0.06611642474466979;repr
69;5;0.06838624630004565;repr
69;6;0.06573177089827413;repr
69;7;0.06278636372206128;repr
69;8;0.06548939862308342;repr
69;9;0.06572416059217574;repr
