id;fold;val_score;representation
70;0;0.07239733622779516;repr
70;1;0.0680129286787403;repr
70;2;0.06356029208005842;repr
70;3;0.057624742629330185;repr
70;4;0.06967481375307656;repr
70;5;0.06862256549259334;repr
70;6;0.06545111135451785;repr
70;7;0.062355581192797986;repr
70;8;0.06512265708148665;repr
70;9;0.0646643793449404;repr
