id;fold;val_score;representation
71;0;0.061105259702894654;repr
71;1;0.06766753768614088;repr
71;2;0.06751876690638307;repr
71;3;0.05682164903052859;repr
71;4;0.06865556763184474;repr
71;5;0.0681614140838112;repr
71;6;0.06182346383902184;repr
71;7;0.060915838352492625;repr
71;8;0.06556584135222387;repr
71;9;0.06921151159131446;repr
