id;fold;val_score;representation
73;0;0.05935512715593459;repr
73;1;0.060923633035132575;repr
73;2;0.06355679432331725;repr
73;3;0.05825233512585852;repr
73;4;0.07093505938478299;repr
73;5;0.07044898825266696;repr
73;6;0.064161952347595;repr
73;7;0.05825481165099682;repr
73;8;0.06600306431760106;repr
73;9;0.06910785357179215;repr
