id;fold;val_score;representation
74;0;0.06114753737944986;repr
74;1;0.06660485110793916;repr
74;2;0.06373845892326899;repr
74;3;0.060917100234568165;repr
74;4;0.07944618938611786;repr
74;5;0.06865805115916256;repr
74;6;0.060932130384355784;repr
74;7;0.061811426570915644;repr
74;8;0.06548434989406214;repr
74;9;0.07086555960560469;repr
