id;fold;val_score;representation
75;0;0.06133503859745456;repr
75;1;0.06407879920383393;repr
75;2;0.060655222226174546;repr
75;3;0.05741003842074788;repr
75;4;0.07154002601388057;repr
75;5;0.0689016629571625;repr
75;6;0.062114894861140475;repr
75;7;0.0663376510057083;repr
75;8;0.06563477373427097;repr
75;9;0.06605587212852174;repr
