id;fold;val_score;representation
76;0;0.06044507469099973;repr
76;1;0.06697237409346159;repr
76;2;0.06342394467877563;repr
76;3;0.05451590730704323;repr
76;4;0.06768760419969824;repr
76;5;0.06925675458081856;repr
76;6;0.06268194270198905;repr
76;7;0.06223307355649424;repr
76;8;0.06588642168518326;repr
76;9;0.06701989026645444;repr
