id;fold;val_score;representation
77;0;0.057354809021794906;repr
77;1;0.0692664528363245;repr
77;2;0.06350542869809572;repr
77;3;0.049787599032835896;repr
77;4;0.06992319941694917;repr
77;5;0.06878054857912642;repr
77;6;0.06346541713572317;repr
77;7;0.06041132007023219;repr
77;8;0.06532192481171012;repr
77;9;0.06987743365322119;repr
