id;fold;val_score;representation
78;0;0.06111110138369738;repr
78;1;0.06258351982735458;repr
78;2;0.063991987993632;repr
78;3;0.05741102149310575;repr
78;4;0.06866435595983693;repr
78;5;0.06955582844691699;repr
78;6;0.06601296922751929;repr
78;7;0.062366009567942034;repr
78;8;0.06514480770259118;repr
78;9;0.06298129890421111;repr
