id;fold;val_score;representation
79;0;0.06137012311221714;repr
79;1;0.06951013659205255;repr
79;2;0.06362376520919763;repr
79;3;0.05227257231917327;repr
79;4;0.07150510907144746;repr
79;5;0.06913862551470594;repr
79;6;0.06183746216366369;repr
79;7;0.06253634057757042;repr
79;8;0.0655919349480571;repr
79;9;0.10122819629537438;repr
