id;fold;val_score;representation
7;0;0.08024287221616043;repr
7;1;0.06231638919809542;repr
7;2;0.07784268040847642;repr
7;3;0.06478756219682685;repr
7;4;0.0687476012311054;repr
7;5;0.08239748466951245;repr
7;6;0.07536203315624457;repr
7;7;0.06080318663259864;repr
7;8;0.06891567822098865;repr
7;9;0.06986670864518373;repr
