id;fold;val_score;representation
80;0;0.06123435239538696;repr
80;1;0.0641478420773243;repr
80;2;0.06386697799709687;repr
80;3;0.056564987353070105;repr
80;4;0.07170028389267712;repr
80;5;0.06791137272636223;repr
80;6;0.06314656003319155;repr
80;7;0.060727343613530306;repr
80;8;0.06555836747953102;repr
80;9;0.06897435300127841;repr
