id;fold;val_score;representation
81;0;0.06118260525601585;repr
81;1;0.07478647170655613;repr
81;2;0.0658189025194194;repr
81;3;0.07480236235366006;repr
81;4;0.06879407634464388;repr
81;5;0.06898915640168311;repr
81;6;0.06410272886150672;repr
81;7;0.06205380588525124;repr
81;8;0.06559152346175529;repr
81;9;0.06772660207500517;repr
