id;fold;val_score;representation
82;0;0.05978040497663495;repr
82;1;0.06575364156376819;repr
82;2;0.06404650393558689;repr
82;3;0.05486309711075617;repr
82;4;0.07010103022125908;repr
82;5;0.06924975505966656;repr
82;6;0.0632683884636695;repr
82;7;0.06108534930207983;repr
82;8;0.06514518181884257;repr
82;9;0.0699601530748634;repr
