id;fold;val_score;representation
83;0;0.06012270347844579;repr
83;1;0.06527791273008891;repr
83;2;0.0635686648870025;repr
83;3;0.05877961279632595;repr
83;4;0.07126567620940431;repr
83;5;0.06873551103268506;repr
83;6;0.061869030978304804;repr
83;7;0.0603372631263249;repr
83;8;0.06560607388370729;repr
83;9;0.07077275641101079;repr
