id;fold;val_score;representation
84;0;0.05951390580662592;repr
84;1;0.06364296330928813;repr
84;2;0.06820044271499333;repr
84;3;0.05823763886949846;repr
84;4;0.06643486004396582;repr
84;5;0.0688834769176451;repr
84;6;0.06327583920209785;repr
84;7;0.06329993869142989;repr
84;8;0.06188231589381069;repr
84;9;0.07262958510991477;repr
