id;fold;val_score;representation
85;0;0.060611263328238366;repr
85;1;0.06479776094294336;repr
85;2;0.06622466791639199;repr
85;3;0.05337041240245951;repr
85;4;0.07020937429004574;repr
85;5;0.06729648878753543;repr
85;6;0.0628153348181358;repr
85;7;0.06143441968032839;repr
85;8;0.06486537579903641;repr
85;9;0.06918192943427313;repr
