id;fold;val_score;representation
86;0;0.06108752377422344;repr
86;1;0.06676472565784344;repr
86;2;0.06471788315913796;repr
86;3;0.05666168742434178;repr
86;4;0.07056300114893442;repr
86;5;0.06764275584656214;repr
86;6;0.064014758036191;repr
86;7;0.06118193184563783;repr
86;8;0.06583247697517121;repr
86;9;0.07223214283429029;repr
