id;fold;val_score;representation
87;0;0.060137743197971535;repr
87;1;0.0724260703351428;repr
87;2;0.06573035633255474;repr
87;3;0.0528472074556721;repr
87;4;0.11330436897170504;repr
87;5;0.06599409320937344;repr
87;6;0.06900745546931367;repr
87;7;0.06451464576696751;repr
87;8;0.1380446500889794;repr
87;9;0.06963993453481788;repr
