id;fold;val_score;representation
89;0;0.06129076158351368;repr
89;1;0.06486219178989319;repr
89;2;0.07586871862196311;repr
89;3;0.08098811387678678;repr
89;4;0.06891699911718;repr
89;5;0.07189384066162217;repr
89;6;0.06231342516083756;repr
89;7;0.0654716406240955;repr
89;8;0.06699489697772439;repr
89;9;0.06688805705221995;repr
