id;fold;val_score;representation
8;0;0.0636831342060409;repr
8;1;0.06578099867601622;repr
8;2;0.06368135766879185;repr
8;3;0.058296349656406926;repr
8;4;0.06854711226329686;repr
8;5;0.06876621113587605;repr
8;6;0.060361353703770784;repr
8;7;0.061106918917495624;repr
8;8;0.062230201073919154;repr
8;9;0.06996170917760801;repr
