id;fold;val_score;representation
90;0;0.05780442832433232;repr
90;1;0.06676034115970882;repr
90;2;0.06373532948687684;repr
90;3;0.0567888295994597;repr
90;4;0.07133844773374974;repr
90;5;0.06863555384733075;repr
90;6;0.06005528139990589;repr
90;7;0.060035800987100416;repr
90;8;0.05975992932118526;repr
90;9;0.06735662792817759;repr
