id;fold;val_score;representation
92;0;0.0666773088329695;repr
92;1;0.08229689159127118;repr
92;2;0.07803909181214091;repr
92;3;0.07931627019886026;repr
92;4;0.21660623289110506;repr
92;5;0.06911522560639842;repr
92;6;0.0878454442699645;repr
92;7;0.06951597188039126;repr
92;8;0.10384429802158437;repr
92;9;0.08493481987848789;repr
