id;fold;val_score;representation
93;0;0.0583071470193354;repr
93;1;0.06639249800193886;repr
93;2;0.06351818625342899;repr
93;3;0.056770225541450225;repr
93;4;0.07290173695590928;repr
93;5;0.0722985392461758;repr
93;6;0.0626097809948047;repr
93;7;0.0674014011809026;repr
93;8;0.0655972141743843;repr
93;9;0.07499512125290939;repr
