id;fold;val_score;representation
94;0;0.060779167760726185;repr
94;1;0.06451859001915622;repr
94;2;0.06356621996486397;repr
94;3;0.05721757772170535;repr
94;4;0.07010670005498841;repr
94;5;0.06862961624542946;repr
94;6;0.06383792508111141;repr
94;7;0.06519497157315772;repr
94;8;0.06501144403712893;repr
94;9;0.06895458858271755;repr
