id;fold;val_score;representation
95;0;0.06124761692952327;repr
95;1;0.06456375904464261;repr
95;2;0.06070091593072424;repr
95;3;0.05344545869432597;repr
95;4;0.07152235982310824;repr
95;5;0.06950482098270423;repr
95;6;0.06356707556245154;repr
95;7;0.06342752123693879;repr
95;8;0.06565994915361048;repr
95;9;0.06704126980220755;repr
