id;fold;val_score;representation
96;0;0.06042296638412014;repr
96;1;0.06440375918901638;repr
96;2;0.06441651729872704;repr
96;3;0.05862315179549321;repr
96;4;0.07090791291269034;repr
96;5;0.06786963193237468;repr
96;6;0.06283572286622852;repr
96;7;0.06284976758665661;repr
96;8;0.06483142415473919;repr
96;9;0.07152277518199439;repr
