id;fold;val_score;representation
97;0;0.06067744651942785;repr
97;1;0.08688038896935982;repr
97;2;0.06326364872593135;repr
97;3;0.056334620368299816;repr
97;4;0.07426375119277266;repr
97;5;0.07554627251099305;repr
97;6;0.10614309022124095;repr
97;7;0.12541175381578396;repr
97;8;0.09341320154313514;repr
97;9;0.08257441768364862;repr
