id;fold;val_score;representation
98;0;0.10343878048063307;repr
98;1;0.06541708449461874;repr
98;2;0.06926463634658114;repr
98;3;0.14469676564637132;repr
98;4;0.09228687081539515;repr
98;5;0.06860194789548771;repr
98;6;0.07255079440534214;repr
98;7;0.06140999731756789;repr
98;8;0.06981504659407428;repr
98;9;0.06348628220299933;repr
