id;fold;val_score;representation
99;0;0.06067232956628055;repr
99;1;0.06472127108430147;repr
99;2;0.06365288148514195;repr
99;3;0.05523949084622277;repr
99;4;0.07060181394149062;repr
99;5;0.06314328348284699;repr
99;6;0.06066954868956014;repr
99;7;0.0594625277795296;repr
99;8;0.06480577317381231;repr
99;9;0.06583469763048727;repr
