id;fold;best_score;best_generations
0;0;0.10465525835752487;249
0;1;0.03141617774963379;249
0;2;0.007572263013571501;249
0;3;0.02769806981086731;249
0;4;0.010099555365741253;249
