id;fold;score
0;0;0.0077644167
0;1;0.007636191
0;2;0.013951135
