id;fold;best_score;best_generations
100;0;0.00466534961014986;210
100;1;0.016453292220830917;513
100;2;0.013881124556064606;253
100;3;0.016129417344927788;260
100;4;0.017867933958768845;233
