id;fold;best_score;best_generations
101;0;0.0033480185084044933;1136
101;1;0.0026974359061568975;214
101;2;0.00362343224696815;1648
101;3;0.003970534075051546;784
101;4;0.004038368817418814;428
