id;fold;best_score;best_generations
102;0;0.0033184620551764965;219
102;1;24.044219970703125;0
102;2;23.870777130126953;0
102;3;0.004523297306150198;536
102;4;0.003773539327085018;641
