id;fold;best_score;best_generations
103;0;0.9948338866233826;9999
103;1;0.009120804257690907;9999
103;2;0.0035681843291968107;9999
103;3;0.019378645345568657;9999
103;4;15.331822395324707;9999
