id;fold;best_score;best_generations
104;0;0.003175916150212288;550
104;1;24.044219970703125;0
104;2;23.870777130126953;0
104;3;0.004053747747093439;403
104;4;23.87562370300293;0
