id;fold;best_score;best_generations
105;0;0.007886046543717384;7829
105;1;0.004721992649137974;6478
105;2;23.870777130126953;0
105;3;0.011856536380946636;3166
105;4;0.018403491005301476;8456
