id;fold;best_score;best_generations
106;0;0.0037359849084168673;9999
106;1;0.003996710292994976;9999
106;2;0.004144016187638044;9999
106;3;0.0041965278796851635;9999
106;4;0.004076091572642326;9999
