id;fold;best_score;best_generations
107;0;0.0034460655879229307;59
107;1;0.0032090935856103897;52
107;2;0.0037935359869152308;45
107;3;0.004142437130212784;52
107;4;0.004636777564883232;49
