id;fold;best_score;best_generations
108;0;23.795730590820312;0
108;1;0.003790827700868249;3058
108;2;0.005438448861241341;283
108;3;0.004335086327046156;1994
108;4;0.004004727583378553;273
