id;fold;best_score;best_generations
109;0;0.004774330649524927;9999
109;1;0.004975469782948494;9999
109;2;0.006214206572622061;9999
109;3;0.005480933468788862;9999
109;4;0.009410995058715343;9999
