id;fold;score
10;0;0.004906456
10;1;0.005120566
10;2;0.006859208
10;3;0.036098413
10;4;0.0043293806
10;5;0.012841277
10;6;0.013294414
10;7;0.0038246384
10;8;0.0064247344
10;9;0.0057590324
