id;fold;best_score;best_generations
10;0;0.003501019673421979;499
10;1;0.003018763614818454;499
10;2;0.0036854934878647327;499
10;3;0.0036162419710308313;499
10;4;0.004092665389180183;499
