id;fold;best_score;best_generations
110;0;0.005241879727691412;758
110;1;24.044219970703125;0
110;2;0.00722311669960618;1421
110;3;0.032099295407533646;323
110;4;23.87562370300293;0
