id;fold;best_score;best_generations
111;0;0.0033555522095412016;1349
111;1;0.0034121284261345863;8713
111;2;0.0036279396153986454;1402
111;3;0.003896370530128479;724
111;4;0.0034629215952008963;654
