id;fold;best_score;best_generations
112;0;0.0034237380605190992;564
112;1;0.002741017611697316;250
112;2;0.003620854578912258;1374
112;3;0.003689057659357786;819
112;4;0.0039525809697806835;1822
