id;fold;best_score;best_generations
113;0;23.795730590820312;0
113;1;0.003760889871045947;4599
113;2;0.0035278231371194124;6275
113;3;0.003665811847895384;2615
113;4;0.003791708964854479;2421
