id;fold;best_score;best_generations
114;0;0.0033587145153433084;1167
114;1;0.0029865053948014975;1160
114;2;0.0036087098997086287;1426
114;3;0.003720106789842248;1188
114;4;0.0040100011974573135;1637
