id;fold;best_score;best_generations
115;0;0.004341564606875181;9999
115;1;24.044219970703125;0
115;2;0.003309662453830242;9999
115;3;0.004118203651160002;9999
115;4;0.004257796797901392;9999
