id;fold;best_score;best_generations
116;0;0.006098463665693998;9999
116;1;0.003544397186487913;9999
116;2;0.011498459614813328;9999
116;3;0.0046902126632630825;9999
116;4;0.022674722597002983;9999
