id;fold;best_score;best_generations
117;0;0.003348158672451973;739
117;1;0.0029134585056453943;1441
117;2;0.003620176576077938;505
117;3;2.102881908416748;481
117;4;4.096548557281494;612
