id;fold;best_score;best_generations
118;0;0.003155028447508812;8901
118;1;24.044219970703125;0
118;2;0.003792158095166087;4255
118;3;23.962467193603516;0
118;4;0.0038122301921248436;9999
