id;fold;best_score;best_generations
119;0;0.007810920011252165;2207
119;1;0.006573298946022987;9999
119;2;0.01524827629327774;9999
119;3;0.005841131787747145;6229
119;4;0.012064293026924133;9999
