id;fold;best_score;best_generations
11;0;0.003942911978811026;99
11;1;0.006206297315657139;99
11;2;0.00524030439555645;99
11;3;0.014920799061655998;99
11;4;0.005726643837988377;99
