id;fold;score
11;0;10.17458
11;1;10.656747
11;2;8.408537
11;3;9.136061
11;4;6.7222676
11;5;5.4059706
11;6;11.873356
11;7;0.2787388
11;8;15.621201
11;9;10.992257
