id;fold;best_score;best_generations
120;0;0.0033497423864901066;619
120;1;0.002914021722972393;1095
120;2;0.0035856100730597973;391
120;3;0.0038909197319298983;1076
120;4;0.004067946691066027;889
