id;fold;best_score;best_generations
121;0;0.003550977446138859;9999
121;1;0.0028219306841492653;9999
121;2;0.00366050167940557;7301
121;3;0.0035125063732266426;1910
121;4;0.004320938605815172;9999
