id;fold;best_score;best_generations
122;0;0.0033478063996881247;223
122;1;0.0029012253507971764;569
122;2;0.003583848476409912;224
122;3;0.003773875068873167;944
122;4;0.004003043752163649;267
