id;fold;best_score;best_generations
123;0;0.0033577189315110445;7724
123;1;0.0038496435154229403;564
123;2;0.00454344367608428;71
123;3;0.003680033143609762;6406
123;4;0.00388001068495214;31
