id;fold;best_score;best_generations
124;0;0.003611742751672864;9999
124;1;0.0029002425726503134;9999
124;2;23.870777130126953;0
124;3;0.003724360140040517;9999
124;4;0.004074214491993189;1783
