id;fold;best_score;best_generations
125;0;0.0033445137087255716;9674
125;1;24.044219970703125;0
125;2;23.870777130126953;0
125;3;0.003827115520834923;6085
125;4;0.0040661548264324665;570
