id;fold;best_score;best_generations
126;0;0.007126329932361841;9999
126;1;0.004227364435791969;9998
126;2;0.0064291032031178474;6774
126;3;0.011989806778728962;4566
126;4;0.005801089573651552;9999
