id;fold;best_score;best_generations
127;0;0.003006555838510394;179
127;1;0.002917940029874444;199
127;2;0.004491611383855343;198
127;3;0.004126466810703278;191
127;4;0.02154313400387764;200
