id;fold;best_score;best_generations
128;0;0.00334995542652905;408
128;1;0.0029623243026435375;133
128;2;0.0036174068227410316;858
128;3;0.0038119317032396793;466
128;4;0.003995636943727732;264
