id;fold;best_score;best_generations
129;0;0.051995158195495605;208
129;1;0.0040043736808001995;119
129;2;0.0040711695328354836;38
129;3;0.007778366561979055;409
129;4;0.00945975910872221;162
