id;fold;best_score;best_generations
12;0;0.01678633503615856;49
12;1;0.03290538489818573;49
12;2;0.004612076096236706;49
12;3;0.07731731981039047;49
12;4;0.010865597985684872;49
