id;fold;score
12;0;0.0037190698
12;1;0.0060198996
12;2;0.0045682816
12;3;0.017820448
12;4;0.0056374753
12;5;0.004173685
12;6;0.008557488
12;7;0.00766084
12;8;0.006085481
12;9;0.007689021
