id;fold;best_score;best_generations
130;0;0.0033031082712113857;4929
130;1;0.0028979198541492224;8144
130;2;0.003600852098315954;4110
130;3;0.003701429348438978;1484
130;4;0.0037038822192698717;842
