id;fold;best_score;best_generations
131;0;0.0031216635834425688;9999
131;1;0.0032041494268924;9999
131;2;0.004778039641678333;9999
131;3;0.0038748641964048147;9999
131;4;0.004140895791351795;9996
