id;fold;best_score;best_generations
132;0;0.003304425859823823;788
132;1;0.0027022925205528736;65
132;2;0.00366086233407259;337
132;3;0.0037579196505248547;294
132;4;0.004033803939819336;659
