id;fold;best_score;best_generations
133;0;23.795730590820312;0
133;1;0.0028746991883963346;430
133;2;0.003594588488340378;479
133;3;23.962467193603516;0
133;4;23.87562370300293;0
