id;fold;best_score;best_generations
134;0;0.0036952870432287455;9999
134;1;0.002864209469407797;9999
134;2;0.0033828276209533215;9999
134;3;0.003952753730118275;2876
134;4;0.004636792466044426;9999
