id;fold;best_score;best_generations
135;0;0.0033805486746132374;1502
135;1;24.044219970703125;0
135;2;0.0036130957305431366;1295
135;3;23.962467193603516;0
135;4;23.87562370300293;0
