id;fold;best_score;best_generations
136;0;0.0033504541497677565;562
136;1;0.0028324404265731573;149
136;2;0.00362759898416698;469
136;3;0.0037541603669524193;170
136;4;0.003968422766774893;302
