id;fold;best_score;best_generations
137;0;0.003470479743555188;1187
137;1;0.0026148029137402773;856
137;2;0.0035143387503921986;578
137;3;0.003599549410864711;1052
137;4;0.0032536275684833527;671
