id;fold;best_score;best_generations
138;0;0.005062256474047899;9999
138;1;24.044219970703125;0
138;2;0.02022903971374035;1850
138;3;0.005220932886004448;5553
138;4;0.005129673983901739;9604
