id;fold;best_score;best_generations
139;0;0.0033351548481732607;268
139;1;0.003011375665664673;1831
139;2;0.003602400189265609;964
139;3;0.003690641140565276;965
139;4;0.003916209097951651;494
