id;fold;score
13;0;0.02225824
13;1;0.003614331
13;2;0.0039606183
13;3;0.049788542
13;4;0.017585037
13;5;0.0029533927
13;6;0.008528656
13;7;0.03834986
13;8;0.014590762
13;9;0.09103449
