id;fold;best_score;best_generations
13;0;19.400339126586914;99
13;1;9.904897689819336;99
13;2;8.883180618286133;99
13;3;11.701743125915527;99
13;4;17.92275047302246;99
