id;fold;best_score;best_generations
140;0;23.795730590820312;0
140;1;0.0032209823839366436;9999
140;2;23.870777130126953;0
140;3;0.0034055858850479126;1392
140;4;0.00442030793055892;9999
