id;fold;best_score;best_generations
141;0;0.005196262151002884;3263
141;1;0.002705865539610386;2639
141;2;0.0036621899344027042;2096
141;3;0.004574378952383995;601
141;4;0.0033914970699697733;881
