id;fold;best_score;best_generations
142;0;0.0032194259110838175;934
142;1;0.00296572782099247;154
142;2;0.0036281810607761145;634
142;3;0.0035719056613743305;176
142;4;0.004195721819996834;574
