id;fold;best_score;best_generations
143;0;23.795730590820312;0
143;1;0.002770232269540429;9999
143;2;0.0036472182255238295;1400
143;3;23.962467193603516;0
143;4;0.004624847322702408;303
