id;fold;best_score;best_generations
144;0;0.0033405590802431107;556
144;1;24.044219970703125;0
144;2;23.870777130126953;0
144;3;0.003356862347573042;332
144;4;0.003776340279728174;233
