id;fold;best_score;best_generations
145;0;0.003398738568648696;329
145;1;0.0028637575451284647;194
145;2;0.0045348783023655415;222
145;3;0.0036353233736008406;213
145;4;0.0041354321874678135;229
