id;fold;best_score;best_generations
146;0;0.0032949920278042555;157
146;1;0.002792155835777521;222
146;2;0.003673903178423643;166
146;3;0.0036900166887789965;117
146;4;0.003683156333863735;50
