id;fold;best_score;best_generations
147;0;0.003517068922519684;121
147;1;0.003220675978809595;87
147;2;0.0038919197395443916;75
147;3;0.005175111815333366;112
147;4;0.004564411006867886;88
