id;fold;best_score;best_generations
148;0;0.003451777156442404;1624
148;1;24.044219970703125;0
148;2;23.870777130126953;0
148;3;0.0031670723110437393;9998
148;4;23.87562370300293;0
