id;fold;best_score;best_generations
149;0;0.0033760052174329758;91
149;1;0.0029669743962585926;148
149;2;0.0036210755351930857;221
149;3;0.003688428085297346;189
149;4;0.003910735249519348;131
