id;fold;score
14;0;0.012322853
14;1;0.016138526
14;2;0.009141658
14;3;0.022556148
14;4;0.0062385816
14;5;0.0062002833
14;6;0.0029245662
14;7;0.018699566
14;8;0.008045072
14;9;0.0085870065
