id;fold;best_score;best_generations
14;0;24.15125274658203;49
14;1;17.23505401611328;49
14;2;22.276103973388672;49
14;3;21.75935935974121;49
14;4;25.029926300048828;49
