id;fold;best_score;best_generations
150;0;0.0044172718189656734;337
150;1;0.0022813326213508844;67
150;2;0.0034959434997290373;416
150;3;0.004257363732904196;317
150;4;0.0038805422373116016;279
