id;fold;best_score;best_generations
151;0;0.0034987987019121647;244
151;1;24.044219970703125;0
151;2;0.004182882606983185;132
151;3;0.003593364031985402;245
151;4;23.87562370300293;0
