id;fold;best_score;best_generations
152;0;0.0028000413440167904;241
152;1;0.005227868910878897;134
152;2;0.004987240768969059;5260
152;3;0.0037223384715616703;109
152;4;0.0045297290198504925;8733
