id;fold;best_score;best_generations
153;0;0.0032831321004778147;9998
153;1;0.0030152807012200356;9996
153;2;0.003704469185322523;3668
153;3;0.0069519151002168655;9999
153;4;23.87562370300293;0
