id;fold;best_score;best_generations
154;0;0.037701912224292755;515
154;1;0.005679956637322903;332
154;2;0.013513607904314995;378
154;3;23.962467193603516;0
154;4;0.04184309020638466;294
