id;fold;best_score;best_generations
155;0;0.00339752109721303;1051
155;1;0.0029484929982572794;206
155;2;4.253028869628906;211
155;3;0.0036433206405490637;2165
155;4;0.0038878628984093666;222
