id;fold;best_score;best_generations
156;0;0.0031349104829132557;1055
156;1;0.0028631403110921383;696
156;2;0.0036346628330647945;330
156;3;0.003711962141096592;179
156;4;0.003728514537215233;128
