id;fold;best_score;best_generations
157;0;0.003349113976582885;1280
157;1;0.00291909440420568;1427
157;2;0.003590452251955867;498
157;3;0.003942808136343956;272
157;4;0.004083564504981041;1361
