id;fold;best_score;best_generations
158;0;0.003767227055504918;22
158;1;0.003558672498911619;18
158;2;0.004005779977887869;12
158;3;0.003928564954549074;14
158;4;0.004636981058865786;19
