id;fold;best_score;best_generations
159;0;0.003350671613588929;153
159;1;0.0029216024558991194;167
159;2;0.0036252737045288086;137
159;3;0.0037229671142995358;1215
159;4;0.004052086733281612;121
