id;fold;score
15;0;19.636127
15;1;20.556034
15;2;23.044401
15;3;20.23613
15;4;22.726553
15;5;23.099716
15;6;20.67352
15;7;22.069544
15;8;22.063955
15;9;25.550898
