id;fold;best_score;best_generations
15;0;19.801408767700195;999
15;1;26.829055786132812;999
15;2;16.08552360534668;999
15;3;31.319984436035156;999
15;4;27.20848274230957;999
