id;fold;best_score;best_generations
160;0;0.0027832745108753443;194
160;1;0.0029967159498482943;125
160;2;0.0036685452796518803;265
160;3;23.962467193603516;0
160;4;0.0032269584480673075;101
