id;fold;best_score;best_generations
161;0;0.003280529286712408;141
161;1;0.002598230494186282;124
161;2;2.1015326976776123;183
161;3;0.004268598277121782;138
161;4;23.87047004699707;0
