id;fold;best_score;best_generations
162;0;0.0033500217832624912;456
162;1;0.002906257286667824;885
162;2;0.0035867088008672;178
162;3;0.0033729563001543283;75
162;4;0.0039804126136004925;210
