id;fold;best_score;best_generations
163;0;0.004410058259963989;9999
163;1;0.005839534103870392;9999
163;2;0.010291287675499916;9998
163;3;0.004041547887027264;9265
163;4;0.010457864962518215;9999
