id;fold;best_score;best_generations
164;0;0.0038625276647508144;9999
164;1;0.0037709183525294065;9999
164;2;0.0039710234850645065;2329
164;3;0.0041797165758907795;2291
164;4;0.004305855371057987;658
