id;fold;best_score;best_generations
165;0;0.0034530910197645426;9999
165;1;24.044219970703125;0
165;2;0.003635457484051585;5855
165;3;23.962467193603516;0
165;4;0.0039779674261808395;1206
