id;fold;best_score;best_generations
166;0;0.003373602870851755;5198
166;1;0.0028333875816315413;5466
166;2;0.0035831243731081486;6362
166;3;0.0037439102306962013;3632
166;4;0.003906206227838993;3954
