id;fold;best_score;best_generations
167;0;23.795442581176758;0
167;1;0.008060060441493988;558
167;2;23.870777130126953;0
167;3;0.006277694832533598;1023
167;4;0.008648297749459743;899
