id;fold;best_score;best_generations
168;0;0.003382733091711998;9195
168;1;0.002935986965894699;9999
168;2;0.0035846892278641462;8707
168;3;0.22220411896705627;9999
168;4;3.21693754196167;9999
