id;fold;best_score;best_generations
169;0;0.0034970196429640055;335
169;1;24.044219970703125;0
169;2;0.003874339396134019;170
169;3;0.0036700989585369825;227
169;4;23.87562370300293;0
