id;fold;score
16;0;20.164854
16;1;30.42467
16;2;20.763283
16;3;29.244526
16;4;25.210598
16;5;18.999687
16;6;17.793272
16;7;20.3695
16;8;18.16823
16;9;26.046457
