id;fold;best_score;best_generations
16;0;0.004059566184878349;999
16;1;0.0035960040986537933;999
16;2;0.0046569895930588245;999
