id;fold;best_score;best_generations
170;0;0.003517736215144396;58
170;1;0.0028936571907252073;36
170;2;0.004257883410900831;50
170;3;0.004224626813083887;52
170;4;0.004583245608955622;40
