id;fold;best_score;best_generations
171;0;0.004114724230021238;8490
171;1;0.002903140615671873;8627
171;2;0.013356600888073444;3208
171;3;0.009425138123333454;2731
171;4;0.009860983118414879;9999
