id;fold;best_score;best_generations
172;0;0.0033852774649858475;107
172;1;1.5921063423156738;158
172;2;0.004177161492407322;105
172;3;0.004408678039908409;95
172;4;0.004502777475863695;81
