id;fold;best_score;best_generations
173;0;0.0028647228609770536;929
173;1;0.003342276206240058;9283
173;2;0.011044217273592949;3512
173;3;0.00793288554996252;6852
173;4;0.004254857078194618;5278
