id;fold;best_score;best_generations
174;0;0.011957409791648388;539
174;1;0.008882480673491955;145
174;2;0.02135675586760044;169
174;3;0.024182841181755066;146
174;4;0.00917918048799038;615
