id;fold;best_score;best_generations
175;0;0.005093132145702839;9999
175;1;0.08616448193788528;9999
175;2;0.008652295917272568;9999
175;3;0.03934958204627037;9999
175;4;0.06228726729750633;9999
