id;fold;best_score;best_generations
176;0;0.0034172222949564457;875
176;1;0.0030109663493931293;2049
176;2;0.0036092407535761595;542
176;3;0.0034647895954549313;214
176;4;0.003952894825488329;1526
