id;fold;best_score;best_generations
177;0;0.003412757534533739;276
177;1;0.0030087195336818695;419
177;2;0.003619263879954815;334
177;3;0.0036842667032033205;240
177;4;0.003871204564347863;240
