id;fold;best_score;best_generations
178;0;0.005917886737734079;425
178;1;0.004409107379615307;316
178;2;0.004893637727946043;186
178;3;0.0036024642176926136;240
178;4;23.87562370300293;0
