id;fold;best_score;best_generations
179;0;0.0031149950809776783;41
179;1;0.0029002660885453224;505
179;2;0.003606328973546624;113
179;3;0.0034955511800944805;46
179;4;0.004026403184980154;186
