id;fold;score
17;0;0.004054877
17;1;0.003935692
17;2;0.0047522704
17;3;0.004586781
17;4;0.0046878704
17;5;0.003607114
17;6;0.003179366
17;7;0.004395991
17;8;0.0043543247
17;9;0.010142832
