id;fold;best_score;best_generations
17;0;0.003237764583900571;499
17;1;0.0029297214932739735;499
17;2;0.0036607629153877497;499
17;3;0.0035403212532401085;499
17;4;0.0040968032553792;499
