id;fold;best_score;best_generations
180;0;0.0034165687393397093;9999
180;1;0.0027076168917119503;305
180;2;23.870777130126953;0
180;3;0.0031300398986786604;7826
180;4;23.87562370300293;0
