id;fold;best_score;best_generations
181;0;0.023834751918911934;1085
181;1;0.021278325468301773;2268
181;2;0.033656034618616104;1326
181;3;0.007851560600101948;746
181;4;0.013767936266958714;1731
