id;fold;best_score;best_generations
182;0;0.0033047953620553017;660
182;1;0.003850297536700964;1103
182;2;0.0053626722656190395;873
182;3;0.003984989132732153;506
182;4;0.003991250414401293;571
