id;fold;best_score;best_generations
183;0;0.031713780015707016;9999
183;1;0.031011417508125305;9999
183;2;0.4991516172885895;9999
183;3;0.38920432329177856;9999
183;4;0.004812458995729685;9999
