id;fold;best_score;best_generations
184;0;0.003349791746586561;87
184;1;0.002836852567270398;69
184;2;4.2535905838012695;34
184;3;2.1026949882507324;59
184;4;0.00397380068898201;57
