id;fold;best_score;best_generations
185;0;0.003201536601409316;466
185;1;24.044219970703125;0
185;2;23.870777130126953;0
185;3;23.962467193603516;0
185;4;23.87562370300293;0
