id;fold;best_score;best_generations
186;0;0.0033503288868814707;257
186;1;0.0027419147081673145;80
186;2;0.003607809776440263;92
186;3;0.0036922565195709467;7758
186;4;0.003994561731815338;375
