id;fold;best_score;best_generations
187;0;23.795730590820312;0
187;1;24.044219970703125;0
187;2;0.005592473316937685;547
187;3;0.025347290560603142;311
187;4;23.87562370300293;0
