id;fold;best_score;best_generations
188;0;0.0033616346772760153;675
188;1;24.044219970703125;0
188;2;0.00400238111615181;643
188;3;23.962467193603516;0
188;4;0.003699061693623662;938
