id;fold;best_score;best_generations
189;0;0.003212061943486333;390
189;1;0.018693391233682632;640
189;2;0.009871658869087696;443
189;3;0.010812096297740936;1031
189;4;0.022074667736887932;451
