id;fold;score
18;0;0.003537461
18;1;0.002878256
18;2;0.0036801137
18;3;0.003732358
18;4;0.0040513827
18;5;0.00275078
18;6;0.0028845235
18;7;0.002791528
18;8;0.004496168
18;9;0.0046383347
