id;fold;best_score;best_generations
18;0;0.003357158973813057;249
18;1;0.0038150621112436056;249
18;2;0.0035863493103533983;249
18;3;0.00380423991009593;249
18;4;0.004006939474493265;249
