id;fold;best_score;best_generations
190;0;0.003343106247484684;788
190;1;0.002713479334488511;161
190;2;0.0036233854480087757;279
190;3;0.003954397514462471;231
190;4;0.004073125775903463;309
