id;fold;best_score;best_generations
191;0;0.004939972888678312;688
191;1;0.004243579693138599;275
191;2;0.0036207926459610462;431
191;3;0.0030541247688233852;2324
191;4;0.003770093899220228;977
