id;fold;best_score;best_generations
192;0;0.18540853261947632;9999
192;1;0.22201792895793915;9999
192;2;6.029019355773926;9999
192;3;0.4228968024253845;9999
192;4;3.020575523376465;9999
