id;fold;best_score;best_generations
193;0;0.0033496576361358166;426
193;1;0.002657974837347865;137
193;2;0.00361800123937428;905
193;3;0.0037673215847462416;154
193;4;0.003928790334612131;168
