id;fold;best_score;best_generations
194;0;0.058240361511707306;9999
194;1;24.044219970703125;0
194;2;0.11918584257364273;9999
194;3;0.10464052855968475;9999
194;4;0.08603881299495697;9999
