id;fold;best_score;best_generations
195;0;0.0033512453082948923;1054
195;1;0.0028439706657081842;444
195;2;0.0036194887943565845;1328
195;3;0.003889726707711816;600
195;4;0.004066109657287598;1234
