id;fold;best_score;best_generations
196;0;23.795730590820312;0
196;1;0.0030361004173755646;165
196;2;0.004158934112638235;185
196;3;0.003378298133611679;157
196;4;0.0038686441257596016;254
