id;fold;best_score;best_generations
197;0;23.795730590820312;0
197;1;0.0352446511387825;1112
197;2;0.009734021499752998;672
197;3;0.012237573973834515;556
197;4;0.022398652508854866;1027
