id;fold;best_score;best_generations
198;0;0.00658799335360527;9999
198;1;24.044219970703125;0
198;2;0.007179337553679943;9999
198;3;23.962467193603516;0
198;4;23.87562370300293;0
