id;fold;best_score;best_generations
199;0;23.795730590820312;0
199;1;0.016901059076189995;9999
199;2;23.870777130126953;0
199;3;0.3718155324459076;9999
199;4;0.05742194876074791;9999
