id;fold;score
19;0;9.602401
19;1;10.479101
19;2;12.783366
19;3;4.659812
19;4;4.9085937
19;5;3.431373
19;6;5.353487
19;7;4.238541
19;8;5.789312
19;9;7.915163
