id;fold;best_score;best_generations
19;0;0.007552724331617355;499
19;1;0.009339766576886177;499
19;2;0.009294305928051472;499
19;3;0.006287344731390476;499
19;4;0.0038703796453773975;499
