id;fold;best_score;best_generations
1;0;1.795239806175232;249
1;1;2.0919644832611084;249
1;2;1.195560336112976;249
1;3;1.4845389127731323;249
1;4;1.7759511470794678;249
