id;fold;score
1;0;0.0033479398
1;1;0.002916969
1;2;0.0036216746
1;3;0.003964475
1;4;0.0040755887
1;5;0.0029037886
1;6;0.0030548908
1;7;0.0027570927
1;8;0.0044965544
1;9;0.0045413543
