id;fold;best_score;best_generations
200;0;0.0037414743565022945;4695
200;1;0.003162926761433482;9999
200;2;0.0038361363112926483;5318
200;3;0.0035356676671653986;9999
200;4;0.0045377518981695175;9999
