id;fold;best_score;best_generations
201;0;0.01685495115816593;9999
201;1;0.008321325294673443;9999
201;2;0.003995074890553951;9999
201;3;23.962467193603516;0
201;4;0.0051370644941926;3212
