id;fold;best_score;best_generations
202;0;0.005487534683197737;7590
202;1;0.005995270796120167;9999
202;2;0.011745791882276535;9999
202;3;0.006504659075289965;9999
202;4;23.87562370300293;0
