id;fold;best_score;best_generations
203;0;0.003078378504142165;876
203;1;0.002491127233952284;730
203;2;0.0036378824152052402;392
203;3;0.003907847683876753;509
203;4;0.0037474962882697582;938
