id;fold;best_score;best_generations
204;0;0.003121122485026717;1104
204;1;0.002572548110038042;952
204;2;0.003594722133129835;319
204;3;0.003946738783270121;692
204;4;0.004184935241937637;854
