id;fold;best_score;best_generations
205;0;0.0031151913572102785;4577
205;1;0.0028221341781318188;9999
205;2;0.003651161678135395;3971
205;3;0.003833462717011571;3198
205;4;0.0043596005998551846;9999
