id;fold;best_score;best_generations
206;0;0.0034111500717699528;2422
206;1;0.0031590808648616076;2816
206;2;0.003704241942614317;2323
206;3;0.004174943082034588;933
206;4;0.004051049239933491;120
