id;fold;best_score;best_generations
207;0;0.0031032066326588392;95
207;1;24.044219970703125;0
207;2;0.0035889134742319584;219
207;3;0.0038978243246674538;4575
207;4;0.003879929194226861;180
