id;fold;best_score;best_generations
208;0;0.0033513307571411133;733
208;1;24.044219970703125;0
208;2;0.0036217086017131805;1166
208;3;0.003890296909958124;579
208;4;0.003978602588176727;307
