id;fold;best_score;best_generations
209;0;0.0032300709281116724;268
209;1;0.003006200771778822;4423
209;2;0.003623001743108034;1849
209;3;0.0036723404191434383;700
209;4;0.003950909245759249;2446
