id;fold;best_score;best_generations
20;0;22.11585807800293;99
20;1;24.37673568725586;99
20;2;24.360898971557617;99
20;3;24.395952224731445;99
20;4;26.088987350463867;99
