id;fold;score
20;0;21.115433
20;1;22.149904
20;2;21.376017
20;3;24.997618
20;4;24.170359
20;5;27.15555
20;6;20.872644
20;7;23.615131
20;8;23.347057
20;9;18.520018
