id;fold;best_score;best_generations
210;0;0.0033130308147519827;137
210;1;0.0028733378276228905;96
210;2;0.0036798608489334583;98
210;3;0.004394376650452614;112
210;4;4.133161544799805;128
