id;fold;best_score;best_generations
211;0;0.003349017584696412;340
211;1;0.0028264548163861036;392
211;2;0.0039008406456559896;1956
211;3;23.962467193603516;0
211;4;0.003999662585556507;1319
