id;fold;best_score;best_generations
212;0;0.0033495277166366577;612
212;1;0.002905953209847212;829
212;2;0.003592398017644882;296
212;3;0.0038105500862002373;476
212;4;0.003979329485446215;261
