id;fold;best_score;best_generations
213;0;0.003347378456965089;334
213;1;0.002899986458942294;531
213;2;0.003633436979725957;421
213;3;0.0037626964040100574;416
213;4;0.003971747122704983;109
