id;fold;best_score;best_generations
214;0;0.0033876756206154823;67
214;1;0.0028071056585758924;47
214;2;0.004245600197464228;63
214;3;0.004428536165505648;56
214;4;0.00470997067168355;56
