id;fold;best_score;best_generations
215;0;3.0950019359588623;255
215;1;1.591772437095642;308
215;2;0.0036192035768181086;333
215;3;0.00369085930287838;242
215;4;0.0037145204842090607;163
