id;fold;best_score;best_generations
216;0;0.0038219732232391834;2940
216;1;0.0026719069574028254;4198
216;2;0.0037615911569446325;8003
216;3;0.0037950659170746803;574
216;4;0.004449853673577309;2065
