id;fold;best_score;best_generations
217;0;23.795730590820312;0
217;1;0.005743255838751793;727
217;2;0.04143471643328667;424
217;3;23.962467193603516;0
217;4;0.0036306523252278566;862
