id;fold;best_score;best_generations
218;0;23.795730590820312;0
218;1;0.00273641268722713;231
218;2;0.00348011776804924;154
218;3;0.0037980698980391026;196
218;4;23.87562370300293;0
