id;fold;best_score;best_generations
219;0;0.043035171926021576;9999
219;1;0.0414566695690155;9999
219;2;0.010267638601362705;9999
219;3;0.0285468902438879;9999
219;4;0.007534431759268045;9999
