id;fold;best_score;best_generations
21;0;0.012898378074169159;499
21;1;0.008149232715368271;499
21;2;0.00473284674808383;499
21;3;0.0067266556434333324;499
21;4;0.005392944905906916;499
