id;fold;best_score;best_generations
220;0;23.795730590820312;0
220;1;0.003797387471422553;7889
220;2;0.0042386120185256;9999
220;3;0.0043955715373158455;9999
220;4;23.87562370300293;0
