id;fold;best_score;best_generations
221;0;0.0034050983376801014;9999
221;1;0.0027046543546020985;171
221;2;0.0034522393252700567;603
221;3;0.0040632630698382854;1706
221;4;0.004077198449522257;2700
