id;fold;best_score;best_generations
222;0;0.003325891215354204;8616
222;1;0.0030639618635177612;591
222;2;23.870777130126953;0
222;3;23.962467193603516;0
222;4;0.003986130002886057;600
