id;fold;best_score;best_generations
223;0;0.004271508660167456;9999
223;1;0.005249812733381987;9999
223;2;0.004282897338271141;9999
223;3;0.00414113886654377;9999
223;4;0.0041733733378350735;7198
