id;fold;best_score;best_generations
224;0;3.0951461791992188;130
224;1;0.0032642632722854614;132
224;2;0.0038991286419332027;137
224;3;0.0035784360952675343;106
224;4;0.004147018771618605;119
