id;fold;best_score;best_generations
225;0;23.795730590820312;0
225;1;24.044219970703125;0
225;2;23.870777130126953;0
225;3;0.0030620433390140533;9998
225;4;0.0036784091498702765;9999
