id;fold;best_score;best_generations
226;0;0.003268093103542924;7880
226;1;0.002913448493927717;9606
226;2;0.0036425942089408636;9999
226;3;0.004382144194096327;9999
226;4;0.005373396910727024;9999
