id;fold;best_score;best_generations
227;0;0.0033218192402273417;61
227;1;0.0027982397004961967;54
227;2;0.0039041826967149973;56
227;3;0.004248468670994043;62
227;4;0.004498855210840702;57
