id;fold;best_score;best_generations
228;0;0.004042544402182102;9999
228;1;0.00392066640779376;9999
228;2;0.011378426104784012;9999
228;3;0.005381810013204813;9581
228;4;0.008768891915678978;9999
