id;fold;best_score;best_generations
229;0;0.004213784821331501;9999
229;1;0.0034997472539544106;9999
229;2;0.0049928720109164715;9999
229;3;0.004113506060093641;9999
229;4;0.004772463347762823;9999
