id;fold;best_score;best_generations
22;0;0.003351751947775483;499
22;1;0.002884538611397147;499
22;2;0.003630182472988963;499
22;3;0.004221655894070864;499
22;4;0.004101639147847891;499
