id;fold;best_score;best_generations
230;0;0.003351194318383932;268
230;1;0.002887096954509616;153
230;2;12.320158004760742;23
230;3;0.0038753245025873184;221
230;4;0.0040513742715120316;547
