id;fold;best_score;best_generations
231;0;0.0033852632623165846;9999
231;1;0.0029324369970709085;8983
231;2;0.0035647591575980186;9999
231;3;0.0038495995104312897;9999
231;4;0.004068744368851185;6126
