id;fold;best_score;best_generations
232;0;0.002713958965614438;345
232;1;0.002587157767266035;9999
232;2;23.870777130126953;0
232;3;23.962467193603516;0
232;4;0.003969970624893904;4189
