id;fold;best_score;best_generations
233;0;0.022474274039268494;1184
233;1;0.038276564329862595;670
233;2;0.013999671675264835;1754
233;3;0.024007929489016533;1078
233;4;0.007639080286026001;1223
