id;fold;best_score;best_generations
234;0;8.192604064941406;9999
234;1;0.008983067236840725;9999
234;2;8.656573295593262;9999
234;3;0.003622246440500021;6277
234;4;7.448689937591553;9999
