id;fold;best_score;best_generations
235;0;0.003410601057112217;208
235;1;0.002851885510608554;255
235;2;0.003794546239078045;165
235;3;23.962467193603516;0
235;4;0.0031699116807430983;210
