id;fold;best_score;best_generations
236;0;0.003350205486640334;413
236;1;0.0028711885679513216;254
236;2;0.003581843338906765;256
236;3;0.003873752197250724;380
236;4;0.004053356591612101;416
