id;fold;best_score;best_generations
237;0;0.29711848497390747;9999
237;1;0.146976038813591;9999
237;2;0.44052577018737793;9999
237;3;0.48755863308906555;9999
237;4;0.12640473246574402;9999
