id;fold;best_score;best_generations
238;0;0.003702656365931034;83
238;1;0.0031668441370129585;94
238;2;0.0039280191995203495;92
238;3;0.003663228591904044;97
238;4;0.004304211121052504;79
