id;fold;best_score;best_generations
239;0;0.0032979652751237154;9999
239;1;0.0030510760843753815;9999
239;2;23.870777130126953;0
239;3;0.003842512145638466;9999
239;4;0.0035718281287699938;1309
