id;fold;best_score;best_generations
23;0;0.003315478563308716;49
23;1;0.003532394068315625;49
23;2;0.0037455919664353132;49
23;3;0.004458094015717506;49
23;4;0.004176744259893894;49
