id;fold;best_score;best_generations
240;0;0.003152278019115329;1471
240;1;24.044219970703125;0
240;2;23.870777130126953;0
240;3;0.003919518552720547;5003
240;4;0.004110368900001049;9999
