id;fold;best_score;best_generations
241;0;0.010211294516921043;9631
241;1;0.003347749589011073;6180
241;2;0.010625065304338932;7572
241;3;0.004965020343661308;6318
241;4;0.005109897814691067;6074
