id;fold;best_score;best_generations
242;0;0.003674561157822609;664
242;1;24.044219970703125;0
242;2;0.003364951116964221;2640
242;3;23.962467193603516;0
242;4;0.004056505858898163;1038
