id;fold;best_score;best_generations
243;0;0.003415995743125677;193
243;1;0.0029700270388275385;134
243;2;0.0036202645860612392;220
243;3;0.0036905554588884115;193
243;4;0.0039168163202703;897
