id;fold;best_score;best_generations
244;0;0.0034704157151281834;1443
244;1;0.0031055831350386143;9999
244;2;0.003896485548466444;9999
244;3;0.003927471116185188;1962
244;4;0.004337008111178875;9999
