id;fold;best_score;best_generations
245;0;0.003623774740844965;9999
245;1;24.044219970703125;0
245;2;0.003943289630115032;9999
245;3;23.962467193603516;0
245;4;0.004616756923496723;9999
