id;fold;best_score;best_generations
246;0;0.6418379545211792;9999
246;1;1.3724405765533447;9999
246;2;2.308499574661255;9999
246;3;0.044008590281009674;9999
246;4;0.1421036422252655;9999
