id;fold;best_score;best_generations
247;0;0.004161158110946417;9999
247;1;0.0078063057735562325;3516
247;2;0.003855390241369605;9999
247;3;0.004037743899971247;7822
247;4;0.004813337232917547;9999
