id;fold;best_score;best_generations
248;0;0.003349540289491415;176
248;1;0.00283353915438056;72
248;2;0.003630886785686016;132
248;3;0.003867257386445999;116
248;4;0.004047483671456575;82
