id;fold;best_score;best_generations
249;0;0.0031351952347904444;2218
249;1;0.0030864060390740633;3187
249;2;0.007838099263608456;2969
249;3;0.0037079844623804092;926
249;4;0.003892413107678294;9999
