id;fold;best_score;best_generations
24;0;0.00690794363617897;999
24;1;0.06462419778108597;999
24;2;0.02621636353433132;999
24;3;0.01498015969991684;999
24;4;0.039092015475034714;999
