id;fold;best_score;best_generations
250;0;0.0030694829765707254;660
250;1;0.0030399311799556017;776
250;2;0.0036196643486618996;590
250;3;0.0036768645513802767;600
250;4;0.003130299272015691;789
