id;fold;best_score;best_generations
251;0;0.004423351492732763;692
251;1;0.0028075457084923983;87
251;2;0.0035762537736445665;167
251;3;0.007683015428483486;305
251;4;0.004158481489866972;323
