id;fold;best_score;best_generations
252;0;0.003427094081416726;1370
252;1;0.002922288840636611;341
252;2;0.003604978322982788;764
252;3;0.0036891126073896885;1133
252;4;0.0038198139518499374;421
