id;fold;best_score;best_generations
253;0;0.003380378009751439;564
253;1;0.011000538244843483;838
253;2;0.0037364326417446136;323
253;3;0.004299866501241922;797
253;4;0.00449787825345993;230
