id;fold;best_score;best_generations
254;0;0.0038600305560976267;253
254;1;0.0030193047132343054;73
254;2;0.006641946267336607;125
254;3;0.004931381903588772;114
254;4;0.007889204658567905;332
