id;fold;best_score;best_generations
255;0;0.003235435113310814;9993
255;1;0.004420246463268995;1243
255;2;0.004070242401212454;5218
255;3;0.00367641425691545;5856
255;4;0.004275577608495951;9999
