id;fold;best_score;best_generations
256;0;0.003348748432472348;1043
256;1;0.002822265261784196;226
256;2;0.0036247451789677143;1706
256;3;0.003968072589486837;678
256;4;0.004082529805600643;1616
