id;fold;best_score;best_generations
257;0;0.0033894029911607504;35
257;1;0.003026836086064577;5007
257;2;0.004522125236690044;42
257;3;0.003604928031563759;44
257;4;0.004405422136187553;36
