id;fold;best_score;best_generations
258;0;23.795730590820312;0
258;1;24.044219970703125;0
258;2;1.2529289722442627;9999
258;3;2.4142167568206787;9999
258;4;0.007787708658725023;9999
