id;fold;best_score;best_generations
259;0;0.003350271377712488;9999
259;1;0.0034983991645276546;9999
259;2;0.0037718554958701134;9999
259;3;0.003929995931684971;8235
259;4;0.0036570390220731497;3847
