id;fold;best_score;best_generations
25;0;0.13075053691864014;49
25;1;0.008283989503979683;49
25;2;0.011232111603021622;49
25;3;0.008121205493807793;49
25;4;0.02645839937031269;49
