id;fold;best_score;best_generations
260;0;0.0031188458669930696;51
260;1;24.044219970703125;0
260;2;0.003627053229138255;539
260;3;23.962467193603516;0
260;4;0.004024839960038662;438
