id;fold;best_score;best_generations
261;0;0.004758968483656645;9999
261;1;0.004193948581814766;8078
261;2;0.006335461977869272;9999
261;3;0.0044267973862588406;9660
261;4;0.0064995260909199715;9999
