id;fold;best_score;best_generations
262;0;0.003777450416237116;9999
262;1;0.0033577086869627237;9999
262;2;0.0034316196106374264;6840
262;3;0.0043255966156721115;3582
262;4;0.0050384304486215115;9999
