id;fold;best_score;best_generations
263;0;0.003584526479244232;9999
263;1;24.044219970703125;0
263;2;0.0034224078990519047;2385
263;3;23.962467193603516;0
263;4;23.87562370300293;0
