id;fold;best_score;best_generations
264;0;0.6521824598312378;174
264;1;24.044219970703125;0
264;2;0.02162724919617176;738
264;3;0.014512874186038971;1157
264;4;0.008972537703812122;1172
