id;fold;best_score;best_generations
265;0;0.0028195809572935104;853
265;1;0.002884848276153207;704
265;2;23.870777130126953;0
265;3;0.003480290761217475;522
265;4;0.0034568991977721453;415
