id;fold;best_score;best_generations
266;0;0.0034153256565332413;896
266;1;0.0030086564365774393;1906
266;2;0.003620447125285864;2040
266;3;0.003690335899591446;1548
266;4;0.003952787723392248;1766
