id;fold;best_score;best_generations
267;0;0.004165290389209986;4503
267;1;0.0075143324211239815;9999
267;2;0.004141977522522211;5634
267;3;23.962467193603516;0
267;4;0.004547587130218744;5703
