id;fold;best_score;best_generations
268;0;0.003703721798956394;357
268;1;24.044219970703125;0
268;2;0.003933277912437916;237
268;3;0.0038717975839972496;252
268;4;23.87562370300293;0
