id;fold;best_score;best_generations
269;0;0.010785888880491257;2289
269;1;0.004918308928608894;1637
269;2;0.007329239975661039;4869
269;3;0.004458911716938019;61
269;4;0.00988861732184887;4556
