id;fold;best_score;best_generations
26;0;0.0032118442468345165;999
26;1;0.002593502402305603;999
26;2;0.003961255308240652;999
26;3;0.004230765625834465;999
26;4;0.003489017253741622;999
