id;fold;best_score;best_generations
270;0;0.003486246569082141;9999
270;1;0.009877150878310204;9999
270;2;0.004900655243545771;9999
270;3;0.003941973205655813;9999
270;4;0.00452187517657876;9999
