id;fold;best_score;best_generations
271;0;0.007578774821013212;385
271;1;0.02449483424425125;617
271;2;0.007218637503683567;765
271;3;0.011601665057241917;576
271;4;0.00776623236015439;780
