id;fold;best_score;best_generations
272;0;0.003351429244503379;100
272;1;0.0027987363282591105;62
272;2;0.0035838272888213396;57
272;3;0.003669407917186618;47
272;4;0.003996090032160282;291
