id;fold;best_score;best_generations
273;0;23.795730590820312;0
273;1;0.009005159139633179;4572
273;2;0.01134513970464468;5916
273;3;0.007119318470358849;3180
273;4;0.019853457808494568;2773
