id;fold;best_score;best_generations
274;0;0.003342833137139678;248
274;1;24.044219970703125;0
274;2;0.003476880956441164;193
274;3;0.0037787032779306173;190
274;4;0.003542596008628607;419
