id;fold;best_score;best_generations
275;0;0.003561169607564807;319
275;1;0.003000731347128749;207
275;2;0.0036817160435020924;260
275;3;0.003614057321101427;345
275;4;0.004112417809665203;246
