id;fold;best_score;best_generations
276;0;0.003416738472878933;267
276;1;0.0029694377444684505;183
276;2;0.0036191619001328945;347
276;3;0.0036233493592590094;1813
276;4;0.003922902513295412;191
