id;fold;best_score;best_generations
277;0;0.007224513217806816;8170
277;1;0.0049474891275167465;9999
277;2;0.013872049748897552;9999
277;3;0.005096650682389736;9999
277;4;0.01209043525159359;9999
