id;fold;best_score;best_generations
278;0;23.795730590820312;0
278;1;0.0025263435672968626;232
278;2;0.0036200371105223894;420
278;3;0.003849318716675043;1183
278;4;0.004052178468555212;676
