id;fold;best_score;best_generations
279;0;0.003691792720928788;104
279;1;0.003139323554933071;95
279;2;0.0038699121214449406;91
279;3;0.003915942274034023;76
279;4;0.004036359954625368;77
