id;fold;best_score;best_generations
27;0;0.0035307984799146652;99
27;1;0.002861415036022663;99
27;2;0.00426482642069459;99
27;3;0.0037983160000294447;99
27;4;0.004379570949822664;99
