id;fold;best_score;best_generations
280;0;0.003429169300943613;1844
280;1;0.002959000412374735;1078
280;2;0.0035998437087982893;1217
280;3;0.0036910136695951223;3134
280;4;0.003947766497731209;7165
