id;fold;best_score;best_generations
281;0;23.793468475341797;0
281;1;0.0029074375052005053;863
281;2;0.0035863628145307302;238
281;3;0.0038114027120172977;405
281;4;0.003966283984482288;255
