id;fold;best_score;best_generations
282;0;0.0030463312286883593;1496
282;1;0.0028945498634129763;9999
282;2;0.0036928614135831594;7269
282;3;0.0043755644001066685;3114
282;4;0.004305253271013498;1244
