id;fold;best_score;best_generations
283;0;0.00325618009082973;437
283;1;0.0030952980741858482;371
283;2;0.004059565253555775;5249
283;3;0.004242194816470146;339
283;4;0.004554613959044218;3875
