id;fold;best_score;best_generations
284;0;23.795730590820312;0
284;1;0.002728027757257223;197
284;2;0.004043783061206341;4515
284;3;0.0035893593449145555;1324
284;4;0.0038661526050418615;2387
