id;fold;best_score;best_generations
285;0;0.0033499845303595066;822
285;1;0.002887611510232091;378
285;2;0.0035948902368545532;421
285;3;0.003970255143940449;1528
285;4;0.004087747540324926;1360
