id;fold;best_score;best_generations
286;0;0.003506994340568781;9999
286;1;0.006560095120221376;9994
286;2;0.005869893357157707;9303
286;3;0.020252592861652374;1848
286;4;0.004141912329941988;4688
