id;fold;best_score;best_generations
287;0;0.00899171456694603;197
287;1;0.0033209072425961494;374
287;2;0.004246932454407215;38
287;3;0.005032495595514774;63
287;4;0.004355382639914751;39
