id;fold;best_score;best_generations
288;0;0.003397969529032707;393
288;1;0.0026419046334922314;7067
288;2;0.004976983647793531;4793
288;3;23.962467193603516;0
288;4;0.004564621951431036;9999
