id;fold;best_score;best_generations
289;0;0.0034165994729846716;214
289;1;0.002964308951050043;219
289;2;0.003619146067649126;300
289;3;0.0036906199529767036;261
289;4;0.003919152542948723;1432
