id;fold;best_score;best_generations
28;0;20.306421279907227;99
28;1;19.411941528320312;99
28;2;20.561216354370117;99
28;3;20.63226890563965;99
28;4;18.536771774291992;99
