id;fold;best_score;best_generations
290;0;23.795730590820312;0
290;1;0.0027791298925876617;446
290;2;0.004151204135268927;322
290;3;0.004280158318579197;260
290;4;23.87562370300293;0
