id;fold;best_score;best_generations
291;0;3.0952301025390625;58
291;1;0.003196379169821739;28
291;2;0.004492948297411203;28
291;3;0.0039046744350343943;32
291;4;0.004409772343933582;37
