id;fold;best_score;best_generations
292;0;0.0033595033455640078;653
292;1;0.0028875931166112423;461
292;2;0.0036322553642094135;1028
292;3;0.0038116788491606712;276
292;4;0.0039219968020915985;203
