id;fold;best_score;best_generations
293;0;0.0033566472120583057;3210
293;1;0.002904396504163742;1869
293;2;0.0036281761713325977;1412
293;3;0.003889025654643774;1331
293;4;0.0040346537716686726;303
