id;fold;best_score;best_generations
29;0;1.9500095844268799;249
29;1;3.1309828758239746;249
29;2;2.710724353790283;249
29;3;4.39557409286499;249
29;4;2.9743871688842773;249
