id;fold;best_score;best_generations
2;0;18.048175811767578;49
2;1;21.433229446411133;49
2;2;18.341306686401367;49
2;3;20.83791160583496;49
2;4;18.47578239440918;49
