id;fold;score
2;0;0.003424305
2;1;0.0029699488
2;2;0.0036020873
2;3;0.003831173
2;4;0.003811978
2;5;0.0030588761
2;6;0.0032204704
2;7;0.0027552475
2;8;0.0053050583
2;9;0.004382536
