id;fold;best_score;best_generations
30;0;0.003421167377382517;499
30;1;0.004728381987661123;499
30;2;0.005145053379237652;499
30;3;0.012295662425458431;499
30;4;0.004618939012289047;499
