id;fold;best_score;best_generations
31;0;7.593229293823242;249
31;1;7.496608257293701;249
31;2;11.9483060836792;249
31;3;8.036239624023438;249
31;4;12.059943199157715;249
