id;fold;best_score;best_generations
32;0;5.748709201812744;99
32;1;7.298256874084473;99
32;2;5.834168910980225;99
32;3;6.729268550872803;99
32;4;5.77020788192749;99
