id;fold;best_score;best_generations
33;0;21.291784286499023;99
33;1;29.11665916442871;99
33;2;27.62255096435547;99
33;3;25.511474609375;99
33;4;25.127986907958984;99
