id;fold;best_score;best_generations
34;0;0.0038105810526758432;49
34;1;0.005439294036477804;49
34;2;0.005575974937528372;49
34;3;0.004737734328955412;49
34;4;0.003598517272621393;49
