id;fold;best_score;best_generations
35;0;0.0036380356177687645;49
35;1;0.0032220492139458656;49
35;2;0.0035732858814299107;49
35;3;0.004719799850136042;49
35;4;0.0037259170785546303;49
