id;fold;best_score;best_generations
36;0;0.0033163020852953196;999
36;1;0.002814874053001404;999
36;2;0.0037153942976146936;999
36;3;0.004049512557685375;999
36;4;0.004229453392326832;999
