id;fold;best_score;best_generations
37;0;0.010361036285758018;499
37;1;0.005682430695742369;499
37;2;0.009180877357721329;499
37;3;0.0075017367489635944;499
37;4;0.008976396173238754;499
