id;fold;best_score;best_generations
38;0;27.746763229370117;249
38;1;23.691471099853516;249
38;2;20.56462287902832;249
38;3;22.016435623168945;249
38;4;26.377029418945312;249
