id;fold;best_score;best_generations
39;0;21.65558624267578;49
39;1;21.87472152709961;49
39;2;25.705385208129883;49
39;3;15.18132495880127;49
39;4;19.96419906616211;49
