id;fold;best_score;best_generations
3;0;0.0034619488287717104;999
3;1;0.0031352443620562553;999
3;2;0.004516906570643187;999
3;3;0.004770352970808744;999
3;4;0.0058115520514547825;999
