id;fold;score
3;0;0.42360744
3;1;0.34626737
3;2;0.18205857
3;3;0.13730958
3;4;0.17955337
3;5;0.27499792
3;6;0.25349173
3;7;0.10689096
3;8;0.26724708
3;9;0.15146105
