id;fold;best_score;best_generations
40;0;16.27039909362793;99
40;1;27.276206970214844;99
40;2;16.26002311706543;99
40;3;21.56947898864746;99
40;4;19.4871883392334;99
