id;fold;best_score;best_generations
41;0;0.003600882366299629;999
41;1;0.0026564262807369232;999
41;2;0.004427751060575247;999
41;3;0.00442739250138402;999
41;4;0.004493940621614456;999
