id;fold;best_score;best_generations
42;0;0.0035287877544760704;249
42;1;0.002987481188029051;249
42;2;0.004408503882586956;249
42;3;0.006067781243473291;249
42;4;0.004651741124689579;249
