id;fold;best_score;best_generations
43;0;0.0036762140225619078;249
43;1;0.0072021400555968285;249
43;2;0.004652746953070164;249
43;3;0.004333473742008209;249
43;4;0.004455113783478737;249
