id;fold;best_score;best_generations
44;0;0.0035629502963274717;999
44;1;0.0033420275431126356;999
44;2;0.00490496214479208;999
44;3;0.005208310671150684;999
44;4;0.004593823105096817;999
