id;fold;best_score;best_generations
45;0;13.494049072265625;49
45;1;16.873369216918945;49
45;2;14.073524475097656;49
45;3;16.902782440185547;49
45;4;20.09246253967285;49
