id;fold;best_score;best_generations
46;0;0.01384202390909195;999
46;1;62.08308792114258;999
46;2;0.008673450909554958;999
46;3;0.05914397910237312;999
46;4;0.008024136535823345;999
