id;fold;best_score;best_generations
47;0;11.68450927734375;99
47;1;10.665475845336914;99
47;2;11.499138832092285;99
47;3;6.40376091003418;99
47;4;21.019182205200195;99
