id;fold;best_score;best_generations
48;0;0.011543556116521358;99
48;1;0.017848243936896324;99
48;2;0.01962219923734665;99
48;3;0.005260426551103592;99
48;4;0.011459349654614925;99
