id;fold;best_score;best_generations
49;0;17.51555824279785;249
49;1;23.436811447143555;249
49;2;21.355052947998047;249
49;3;25.423255920410156;249
49;4;22.83815574645996;249
