id;fold;best_score;best_generations
4;0;0.22274921834468842;249
4;1;0.2177981436252594;249
4;2;0.3451937437057495;249
4;3;0.04783526062965393;249
4;4;0.12601561844348907;249
