id;fold;score
4;0;1.7566295
4;1;0.46614465
4;2;0.8965994
4;3;1.0662075
4;4;1.1481081
4;5;0.23467474
4;6;1.2921106
4;7;0.372348
4;8;1.4863985
4;9;1.5584393
