id;fold;best_score;best_generations
50;0;0.08356887847185135;249
50;1;0.0395929217338562;249
50;2;0.1353200227022171;249
50;3;0.06398584693670273;249
50;4;0.0633866935968399;249
