id;fold;best_score;best_generations
51;0;1.1716560125350952;99
51;1;0.8309625387191772;99
51;2;0.7339606285095215;99
51;3;0.5884098410606384;99
51;4;1.0842598676681519;99
