id;fold;best_score;best_generations
52;0;26.956676483154297;99
52;1;25.29401397705078;99
52;2;31.028839111328125;99
52;3;27.283838272094727;99
52;4;19.81531524658203;99
