id;fold;best_score;best_generations
53;0;0.01234752032905817;499
53;1;0.013384907506406307;499
53;2;0.011282642371952534;499
53;3;0.02321355603635311;499
53;4;0.02445071004331112;499
