id;fold;best_score;best_generations
54;0;0.0034618976060301065;999
54;1;0.002882785629481077;999
54;2;0.003901736345142126;999
54;3;0.003710784949362278;999
54;4;0.004206514451652765;999
