id;fold;best_score;best_generations
55;0;22.57354164123535;99
55;1;27.131303787231445;99
55;2;21.66231346130371;99
55;3;24.215190887451172;99
55;4;25.641782760620117;99
