id;fold;best_score;best_generations
56;0;20.22210121154785;49
56;1;24.247610092163086;49
56;2;25.360191345214844;49
56;3;18.95102310180664;49
56;4;17.475481033325195;49
