id;fold;best_score;best_generations
57;0;0.0033559759613126516;999
57;1;0.004087294451892376;999
57;2;0.003658497240394354;999
57;3;0.004347928799688816;999
57;4;0.004024301189929247;999
