id;fold;best_score;best_generations
58;0;0.05494403466582298;49
58;1;0.3111559748649597;49
58;2;0.004545483272522688;49
58;3;0.30594849586486816;49
58;4;0.01682841032743454;49
