id;fold;best_score;best_generations
59;0;0.005583478137850761;499
59;1;0.004566219635307789;499
59;2;0.0041228896006941795;499
59;3;0.006502956617623568;499
59;4;0.004394588991999626;499
