id;fold;best_score;best_generations
5;0;0.003435697639361024;499
5;1;0.0031334750819951296;499
5;2;0.004360178951174021;499
5;3;0.0044959066435694695;499
5;4;0.004666975699365139;499
