id;fold;best_score;best_generations
60;0;18.070995330810547;49
60;1;17.27568244934082;49
60;2;17.050640106201172;49
60;3;14.813634872436523;49
60;4;12.246907234191895;49
