id;fold;best_score;best_generations
61;0;0.003344099735841155;99
61;1;0.003003121353685856;99
61;2;0.003717035986483097;99
61;3;0.003848430933430791;99
61;4;0.004052645526826382;99
