id;fold;best_score;best_generations
62;0;22.41301155090332;99
62;1;10.713334083557129;99
62;2;16.198400497436523;99
62;3;12.186522483825684;99
62;4;8.988585472106934;99
