id;fold;best_score;best_generations
63;0;0.0034210102166980505;99
63;1;0.0027488244231790304;99
63;2;0.004550446290522814;99
63;3;0.00469428114593029;99
63;4;0.004500485956668854;99
