id;fold;best_score;best_generations
64;0;0.003694930113852024;49
64;1;0.0033939576242119074;49
64;2;0.003729383461177349;49
64;3;0.0035304699558764696;49
64;4;0.004046349786221981;49
