id;fold;best_score;best_generations
65;0;0.03949582204222679;249
65;1;0.055502187460660934;249
65;2;0.08784671127796173;249
65;3;0.03271050751209259;249
65;4;0.08502988517284393;249
