id;fold;best_score;best_generations
66;0;0.0031185552943497896;999
66;1;0.003385006682947278;999
66;2;0.003433199832215905;999
66;3;0.003513019997626543;999
66;4;0.004243791569024324;999
