id;fold;best_score;best_generations
67;0;0.010764029808342457;99
67;1;0.006776018068194389;99
67;2;0.004753608722239733;99
67;3;0.00476859463378787;99
67;4;0.004983311053365469;99
