id;fold;best_score;best_generations
68;0;0.0037351392675191164;999
68;1;0.016119105741381645;999
68;2;0.005937665700912476;999
68;3;0.005268925800919533;999
68;4;0.004109303932636976;999
