id;fold;best_score;best_generations
69;0;11.32470417022705;249
69;1;11.595947265625;249
69;2;10.112237930297852;249
69;3;13.119318008422852;249
69;4;13.449217796325684;249
