id;fold;score
6;0;0.003941841
6;1;0.0041371947
6;2;0.005230663
6;3;0.010369967
6;4;0.004661951
6;5;0.0029338803
6;6;0.0032143337
6;7;0.0027089948
6;8;0.005168012
6;9;0.0053838165
