id;fold;best_score;best_generations
6;0;19.219453811645508;49
6;1;24.29300308227539;49
6;2;16.733091354370117;49
6;3;18.929807662963867;49
6;4;23.406288146972656;49
