id;fold;best_score;best_generations
70;0;0.0033787949942052364;499
70;1;0.003268527565523982;499
70;2;0.003590618958696723;499
