id;fold;best_score;best_generations
71;0;0.0039490764029324055;2467
71;1;0.0035767164081335068;1052
71;2;0.004322863183915615;1778
71;3;0.016427868977189064;1994
71;4;0.0039100730791687965;2985
