id;fold;best_score;best_generations
72;0;0.0034610519651323557;9999
72;1;0.0030587927903980017;9999
72;2;0.0035844568628817797;7490
72;3;0.0036886418238282204;6393
72;4;0.003963361494243145;8523
