id;fold;best_score;best_generations
73;0;0.004108226392418146;9999
73;1;6.059775352478027;9999
73;2;0.0036170652601867914;9999
73;3;2.2481026649475098;9999
73;4;0.2965073883533478;9999
