id;fold;best_score;best_generations
74;0;0.003335548099130392;4587
74;1;0.002809438155964017;2777
74;2;0.0037217051722109318;200
74;3;0.003844783641397953;392
74;4;23.87562370300293;0
