id;fold;best_score;best_generations
75;0;0.003363507566973567;1086
75;1;0.0027973907999694347;9999
75;2;0.0036845554132014513;2602
75;3;0.0036348411813378334;1308
75;4;0.004626429174095392;1191
