id;fold;best_score;best_generations
76;0;0.003349719103425741;405
76;1;0.002908986061811447;1972
76;2;0.0035823523066937923;342
76;3;0.003810516558587551;424
76;4;0.003995404578745365;208
