id;fold;best_score;best_generations
77;0;0.0031991268042474985;226
77;1;24.044219970703125;0
77;2;0.0038131391629576683;124
77;3;0.003934844397008419;154
77;4;0.00417465902864933;140
