id;fold;best_score;best_generations
78;0;0.0030329797882586718;413
78;1;24.044219970703125;0
78;2;0.0036280781496316195;164
78;3;0.003840730292722583;275
78;4;0.003227924695238471;386
