id;fold;best_score;best_generations
79;0;0.003140049520879984;438
79;1;0.0027811038307845592;433
79;2;0.003811140079051256;203
79;3;0.003825543913990259;308
79;4;23.87562370300293;0
