id;fold;best_score;best_generations
7;0;0.0033277820330113173;999
7;1;0.0036515374667942524;999
7;2;0.00378379225730896;999
7;3;0.008700688369572163;999
7;4;0.004114497918635607;999
