id;fold;score
7;0;0.0066528353
7;1;0.0051960773
7;2;0.007891557
7;3;0.016081735
7;4;0.009291143
7;5;0.012762401
7;6;0.00789425
7;7;0.0038446446
7;8;0.01079326
7;9;0.010458347
