id;fold;best_score;best_generations
80;0;0.003561190562322736;172
80;1;0.0032387038227170706;117
80;2;0.00979068223387003;156
80;3;0.003905220190063119;85
80;4;0.004995860159397125;85
