id;fold;best_score;best_generations
81;0;0.005361892282962799;9999
81;1;0.0038784444332122803;8425
81;2;0.004451987333595753;5904
81;3;0.007355319336056709;1835
81;4;0.0040751490741968155;2356
