id;fold;best_score;best_generations
82;0;0.005526490975171328;203
82;1;0.0030513342935591936;295
82;2;0.014447511173784733;294
82;3;0.003394701750949025;225
82;4;0.0044128322042524815;247
