id;fold;best_score;best_generations
83;0;0.0039019600953906775;2466
83;1;0.0035074918996542692;1149
83;2;0.003708690172061324;5691
83;3;0.004133520647883415;3779
83;4;0.004154483322054148;4359
