id;fold;best_score;best_generations
84;0;0.0032161728013306856;1532
84;1;0.002609710209071636;1577
84;2;23.870777130126953;0
84;3;0.0038322187028825283;647
84;4;0.003925241995602846;833
