id;fold;best_score;best_generations
85;0;0.00339967361651361;175
85;1;0.0028321356512606144;239
85;2;0.003577489871531725;166
85;3;0.0038106818683445454;132
85;4;0.003375723259523511;295
