id;fold;best_score;best_generations
86;0;0.003165366593748331;293
86;1;0.00305565120652318;3074
86;2;0.004524581134319305;4113
86;3;0.004133778624236584;1249
86;4;0.0040020751766860485;4206
