id;fold;best_score;best_generations
87;0;0.0033533384557813406;135
87;1;0.002891473937779665;116
87;2;0.003695632331073284;83
87;3;3.2057318687438965;75
87;4;3.195387125015259;123
