id;fold;best_score;best_generations
88;0;23.795730590820312;0
88;1;0.004254752770066261;9999
88;2;23.870777130126953;0
88;3;0.00420787651091814;9999
88;4;0.004452562890946865;9999
