id;fold;best_score;best_generations
89;0;0.003337188856676221;233
89;1;0.002917336532846093;199
89;2;0.003618259448558092;143
89;3;0.0036676456220448017;100
89;4;0.003941912669688463;203
