id;fold;score
8;0;0.0036675166
8;1;0.0034994662
8;2;0.004156817
8;3;0.0037519163
8;4;0.004565041
8;5;0.003548857
8;6;0.003671319
8;7;0.003159094
8;8;0.005086027
8;9;0.005355879
