id;fold;best_score;best_generations
8;0;0.0032831488642841578;249
8;1;0.0036459057591855526;249
8;2;0.003832059446722269;249
8;3;0.0039871628396213055;249
8;4;0.004203028045594692;249
