id;fold;best_score;best_generations
90;0;0.003491309005767107;343
90;1;0.0031510419212281704;143
90;2;0.003780554747208953;528
90;3;0.0034591765142977238;104
90;4;0.00403427192941308;294
