id;fold;best_score;best_generations
91;0;3.0949275493621826;424
91;1;0.0026776730082929134;164
91;2;0.003622167743742466;327
91;3;3.282118082046509;147
91;4;4.1040449142456055;125
