id;fold;best_score;best_generations
92;0;0.003597065806388855;9999
92;1;0.003374361665919423;9999
92;2;0.0038588172756135464;9999
92;3;23.962467193603516;0
92;4;0.005302646197378635;9999
