id;fold;best_score;best_generations
93;0;0.0032998572569340467;8463
93;1;0.09928108751773834;9999
93;2;15.878649711608887;9999
93;3;3.6094839572906494;9999
93;4;4.722495079040527;9999
