id;fold;best_score;best_generations
94;0;0.0032201632857322693;102
94;1;0.002691220957785845;58
94;2;0.003960100933909416;85
94;3;0.003747026901692152;107
94;4;23.87562370300293;0
