id;fold;best_score;best_generations
95;0;0.007175609935075045;9999
95;1;0.0030991029925644398;9999
95;2;15.037096977233887;9999
95;3;10.883339881896973;9999
95;4;1.4461500644683838;9999
