id;fold;best_score;best_generations
96;0;23.795730590820312;0
96;1;0.0029467919375747442;562
96;2;0.0036172261461615562;2423
96;3;0.00434837955981493;8747
96;4;23.87562370300293;0
