id;fold;best_score;best_generations
97;0;0.003074357286095619;559
97;1;0.0027616755105555058;587
97;2;0.0031387852504849434;271
97;3;23.962467193603516;0
97;4;23.87562370300293;0
