id;fold;best_score;best_generations
98;0;0.0034478933084756136;2537
98;1;0.003920951392501593;1236
98;2;0.003814231138676405;610
98;3;0.002617107005789876;228
98;4;0.0040803337469697;554
