id;fold;best_score;best_generations
99;0;0.0048067038878798485;9999
99;1;0.004337359685450792;9999
99;2;23.870777130126953;0
99;3;0.0038088178262114525;8363
99;4;0.004498043097555637;9999
