id;fold;score
9;0;25.840664
9;1;22.032825
9;2;20.743587
9;3;24.922596
9;4;25.894686
9;5;21.487165
9;6;21.038939
9;7;24.819252
9;8;27.798952
9;9;22.242386
