id;fold;best_score;best_generations
9;0;0.003353813663125038;999
9;1;0.0028847481589764357;999
9;2;0.0036514755338430405;999
9;3;0.003749568248167634;999
9;4;0.004041991662234068;999
