id;fold;val_score;representation
10;0;0.6542786154887686;repr
10;1;0.4461278582012984;repr
10;2;0.6286402424554425;repr
10;3;0.6462906111781425;repr
10;4;0.5635697236764894;repr
10;5;0.5227727755229337;repr
10;6;0.5358372899876872;repr
10;7;0.48499800845526075;repr
10;8;0.4635665683832709;repr
10;9;0.5273925608085114;repr
