id;fold;val_score;representation
11;0;0.5949438221372806;repr
11;1;0.43693227268268425;repr
11;2;0.584908823400374;repr
11;3;0.674436074777648;repr
11;4;0.5682412245180888;repr
11;5;0.5079727359887645;repr
11;6;0.5633889559094143;repr
11;7;0.46703520694000594;repr
11;8;0.4823507355139579;repr
11;9;0.5670655650283275;repr
