id;fold;val_score;representation
12;0;0.584135577329232;repr
12;1;0.4593590821450073;repr
12;2;0.5873192279068276;repr
12;3;0.6739772931258027;repr
12;4;0.5637612314913228;repr
12;5;0.5318101312820797;repr
12;6;0.5130218090266703;repr
12;7;0.47885199512611715;repr
12;8;0.5020491806019224;repr
12;9;0.5410313832998599;repr
