id;fold;val_score;representation
13;0;0.6107565982129188;repr
13;1;0.426621684377559;repr
13;2;0.5999724992291018;repr
13;3;0.6735510838528758;repr
13;4;0.5731251388748215;repr
13;5;0.5202648109546042;repr
13;6;0.5171291688076591;repr
13;7;0.4592374633007239;repr
13;8;0.4934057361943959;repr
13;9;0.5848619994914873;repr
