id;fold;val_score;representation
14;0;0.625093315843283;repr
14;1;0.4374551847470727;repr
14;2;0.6291454310228576;repr
14;3;0.6734817470591598;repr
14;4;0.5478243461561018;repr
14;5;0.5216618891499067;repr
14;6;0.5111621665937003;repr
14;7;0.437714088468083;repr
14;8;0.4568399529710028;repr
14;9;0.5731717163812187;repr
