id;fold;val_score;representation
16;0;0.6234380193129663;repr
16;1;0.44012962184358834;repr
16;2;0.6231935103916479;repr
16;3;0.6661740687448193;repr
16;4;0.562122008141498;repr
16;5;0.5475282123111999;repr
16;6;0.5408458230494425;repr
16;7;0.50171718367485;repr
16;8;0.4797496690054066;repr
16;9;0.5394992594280424;repr
