id;fold;val_score;representation
17;0;0.6114308859503931;repr
17;1;0.4348965085200204;repr
17;2;0.6038198270712056;repr
