id;fold;val_score;representation
17;0;0.6114308859503931;repr
17;1;0.4348965085200204;repr
17;2;0.6038198270712056;repr
17;3;0.6479288246693409;repr
17;4;0.5296600135570528;repr
17;5;0.5454632119593654;repr
17;6;0.510507115918481;repr
17;7;0.46999754705080143;repr
17;8;0.4564591673138983;repr
17;9;0.5392603126793015;repr
