id;fold;val_score;representation
18;0;0.6473288685716425;repr
18;1;0.42859236095354897;repr
18;2;0.5713914996649141;repr
18;3;0.6774859781970634;repr
18;4;0.5679114604653539;repr
18;5;0.5156665030515555;repr
18;6;0.5316939572385284;repr
18;7;0.4625208051420228;repr
18;8;0.4740381705226895;repr
18;9;0.5139309105722536;repr
