id;fold;val_score;representation
19;0;0.6419014800737173;repr
19;1;0.4397714752330757;repr
19;2;0.6090966949309241;repr
19;3;0.6816217487365327;repr
19;4;0.5622411445539618;repr
19;5;0.5344322013836454;repr
19;6;0.5290341261964557;repr
19;7;0.47471713885445044;repr
19;8;0.5395110742371677;repr
19;9;0.6403207191110872;repr
