id;fold;val_score;representation
1;0;0.6301711057190037;repr
1;1;0.42844305197608656;repr
1;2;0.64223192421433;repr
1;3;0.6345083718055462;repr
1;4;0.5479991650330086;repr
1;5;0.5152891197583134;repr
1;6;0.49184686822287693;repr
1;7;0.44407685871853325;repr
1;8;0.4111757269556967;repr
1;9;0.5521832406993628;repr
