id;fold;val_score;representation
21;0;0.6352928683770973;repr
21;1;0.45599764997263403;repr
21;2;0.6009810405370448;repr
21;3;0.6600419789769266;repr
21;4;0.562494641259667;repr
21;5;0.5201063998608706;repr
21;6;0.5292473970282294;repr
21;7;0.5005883898693251;repr
21;8;0.4678966181215871;repr
21;9;0.5811595589046767;repr
