id;fold;val_score;representation
24;0;0.6339292417661964;repr
24;1;0.4430266070763003;repr
24;2;0.6098917081859032;repr
24;3;0.6655015186564894;repr
24;4;0.5454595911530438;repr
24;5;0.5328633406402963;repr
24;6;0.5186896698094866;repr
24;7;0.5037797625465317;repr
24;8;0.4857474048417943;repr
24;9;0.5777590962275513;repr
