id;fold;val_score;representation
25;0;0.6377654854307988;repr
25;1;0.44248135599666644;repr
25;2;0.6187703610471083;repr
25;3;0.6906279062604449;repr
25;4;0.5498897334131648;repr
25;5;0.5446943160887648;repr
25;6;0.5418258438608594;repr
25;7;0.47315693493817645;repr
25;8;0.48961002928360936;repr
25;9;0.6001259581652135;repr
