id;fold;val_score;representation
26;0;0.6228123136339773;repr
26;1;0.46305288000606815;repr
26;2;0.5825460803703888;repr
26;3;0.6710015793848692;repr
26;4;0.5641304510906462;repr
26;5;0.5378083778400602;repr
26;6;0.5376640059045957;repr
26;7;0.46307922128269596;repr
26;8;0.45446652794935366;repr
26;9;0.5427735228569848;repr
