id;fold;val_score;representation
27;0;0.6350684734539346;repr
27;1;0.4487316372618398;repr
27;2;0.6387260840952167;repr
27;3;0.6454954156468672;repr
27;4;0.544130063468024;repr
27;5;0.5415061098289629;repr
27;6;0.480048198429458;repr
27;7;0.5433301653644442;repr
27;8;0.4521871932341144;repr
27;9;0.5696530892546612;repr
