id;fold;val_score;representation
28;0;0.6520256779636543;repr
28;1;0.4608739826786315;repr
28;2;0.5963477026921559;repr
28;3;0.6710071327285679;repr
28;4;0.5527465863144633;repr
28;5;0.5294802872178004;repr
28;6;0.51519810038386;repr
28;7;0.45961661866145637;repr
28;8;0.46701866442888584;repr
28;9;0.5343255339842715;repr
