id;fold;val_score;representation
29;0;0.6092929798038978;repr
29;1;0.4991387402343424;repr
29;2;0.5899006096170116;repr
29;3;0.6516284485513377;repr
29;4;0.5637344141793289;repr
29;5;0.5159098918124674;repr
29;6;0.5207138804284015;repr
29;7;0.45924411288185424;repr
29;8;0.4903425155682997;repr
29;9;0.5333483937724545;repr
