id;fold;val_score;representation
2;0;0.5961248279933252;repr
2;1;0.45271284635058634;repr
2;2;0.6058798759946386;repr
2;3;0.665170473592483;repr
2;4;0.5700618883539142;repr
2;5;0.5143390615062488;repr
2;6;0.5310810653192871;repr
2;7;0.4524460780091008;repr
2;8;0.5275484458209749;repr
2;9;0.5501763254090001;repr
