id;fold;val_score;representation
32;0;0.6164438787565187;repr
32;1;0.44551403582009563;repr
32;2;0.6089798118409608;repr
32;3;0.6816855452984719;repr
32;4;0.5451320494760623;repr
32;5;0.5398520406313463;repr
32;6;0.5413015898046682;repr
32;7;0.4928563486536679;repr
32;8;0.4610234449358111;repr
32;9;0.5560865243187108;repr
