id;fold;val_score;representation
33;0;0.6425849498746918;repr
33;1;0.43772789073221535;repr
33;2;0.5929257747463287;repr
33;3;0.6927413473293919;repr
33;4;0.5586557271971229;repr
33;5;0.5371723023842025;repr
33;6;0.5564003647553158;repr
33;7;0.46311856767269244;repr
33;8;0.4668080403748534;repr
33;9;0.5404539375595764;repr
