id;fold;val_score;representation
34;0;0.6073242490983081;repr
34;1;0.46075468638845074;repr
34;2;0.6107821548083644;repr
34;3;0.6605728391086365;repr
34;4;0.5579238520991402;repr
34;5;0.5449311485311535;repr
34;6;0.5408956989113434;repr
34;7;0.5032210333640846;repr
34;8;0.4646426698842758;repr
34;9;0.5358409013340693;repr
