id;fold;val_score;representation
35;0;0.6094156984390519;repr
35;1;0.49110982072758114;repr
35;2;0.5805181474437773;repr
35;3;0.6655591015775483;repr
35;4;0.5618437388005073;repr
35;5;0.5391418326133485;repr
35;6;0.5290589854593823;repr
35;7;0.5035019310332823;repr
35;8;0.5122438820832806;repr
35;9;0.5627021364428134;repr
