id;fold;val_score;representation
36;0;0.6351451277895559;repr
36;1;0.4519780821141003;repr
36;2;0.6065260615145913;repr
36;3;0.6608388776030685;repr
36;4;0.5659829279056463;repr
36;5;0.5428187508092449;repr
36;6;0.539570122499172;repr
36;7;0.4684983190116572;repr
36;8;0.4667786798417271;repr
36;9;0.51898785215747;repr
