id;fold;val_score;representation
37;0;0.6404291337528167;repr
37;1;0.4590744083159888;repr
37;2;0.5894618522041276;repr
37;3;0.6645515807639969;repr
37;4;0.5513214083271158;repr
37;5;0.5006693760429298;repr
37;6;0.5362923050770191;repr
37;7;0.4794080386673946;repr
37;8;0.44583722133302217;repr
37;9;0.5136499676884961;repr
