id;fold;val_score;representation
39;0;0.6262519695940716;repr
39;1;0.44242082714201864;repr
39;2;0.5947839429057961;repr
39;3;0.6779953480302381;repr
39;4;0.5526670986398573;repr
39;5;0.5314744546824938;repr
39;6;0.5408141750143677;repr
39;7;0.46869429997706735;repr
39;8;0.4861909467129183;repr
39;9;0.5434927869660744;repr
