id;fold;val_score;representation
3;0;0.6244533552746947;repr
3;1;0.46898456585001363;repr
3;2;0.5908788829721336;repr
3;3;0.6446197704387314;repr
3;4;0.5524980201870335;repr
3;5;0.5222798594936923;repr
3;6;0.5353524268752076;repr
3;7;0.48979030622562403;repr
3;8;0.4740241683003646;repr
3;9;0.5612978116578667;repr
