id;fold;val_score;representation
40;0;0.6178981138342357;repr
40;1;0.45046983133048735;repr
40;2;0.578840517178232;repr
40;3;0.6819346668013511;repr
40;4;0.5415130459445403;repr
40;5;0.5406886348797704;repr
40;6;0.5354616200705893;repr
40;7;0.45336814219994526;repr
40;8;0.44607758849813123;repr
40;9;0.5175045091344365;repr
