id;fold;val_score;representation
41;0;0.5972307938551824;repr
41;1;0.46842626267577586;repr
41;2;0.6414856625267434;repr
41;3;0.6643683751841721;repr
41;4;0.5475316169132534;repr
41;5;0.5396216507820922;repr
41;6;0.5378791182771864;repr
41;7;0.4522676410857555;repr
41;8;0.5149445290247404;repr
41;9;0.5737717619367372;repr
