id;fold;val_score;representation
42;0;0.6387526916391204;repr
42;1;0.45511676141002533;repr
42;2;0.6252767353758025;repr
42;3;0.6608668044247289;repr
42;4;0.5676170515118084;repr
42;5;0.5195421752900105;repr
42;6;0.5307118052123967;repr
42;7;0.47530441406389945;repr
42;8;0.547192376218331;repr
42;9;0.5371719811378525;repr
