id;fold;val_score;representation
43;0;0.6124629910012325;repr
43;1;0.47393107660252787;repr
43;2;0.5991268737613125;repr
43;3;0.6753070431025988;repr
43;4;0.5470693973894821;repr
43;5;0.49917191303203035;repr
43;6;0.53383260495893;repr
43;7;0.4731528874845323;repr
43;8;0.47435498694418704;repr
43;9;0.5057791953646082;repr
