id;fold;val_score;representation
44;0;0.6355470661212186;repr
44;1;0.4496908681997956;repr
44;2;0.6445272520174166;repr
44;3;0.6689640790925547;repr
44;4;0.5492921303079747;repr
44;5;0.5384261736616914;repr
44;6;0.5209842549485448;repr
44;7;0.4875633605590305;repr
44;8;0.44999379607763085;repr
44;9;0.5234259312375076;repr
