id;fold;val_score;representation
45;0;0.6605833439162813;repr
45;1;0.4633616231648964;repr
45;2;0.6705122409881306;repr
45;3;0.6529287957296582;repr
45;4;0.5418947460693946;repr
45;5;0.5181468887702965;repr
45;6;0.5148935437882466;repr
45;7;0.4881997953055361;repr
45;8;0.4800313882404727;repr
45;9;0.5391476191765571;repr
