id;fold;val_score;representation
46;0;0.6453083065017458;repr
46;1;0.43195002907835844;repr
46;2;0.6447152730239538;repr
46;3;0.6836809662890335;repr
46;4;0.5515170883023517;repr
46;5;0.502276624555648;repr
46;6;0.5225180832397052;repr
46;7;0.4590209746870311;repr
46;8;0.4853528971334736;repr
46;9;0.5321129643205537;repr
