id;fold;val_score;representation
47;0;0.6528260665790496;repr
47;1;0.48706381555123346;repr
47;2;0.6407928857717836;repr
47;3;0.6746712597210528;repr
47;4;0.5658731884208148;repr
47;5;0.5419774871905432;repr
47;6;0.5210866245097953;repr
47;7;0.4656854172100081;repr
47;8;0.529599605260718;repr
47;9;0.540360235574011;repr
