id;fold;val_score;representation
49;0;0.6173074797332988;repr
49;1;0.4530802529704898;repr
49;2;0.5794602696723249;repr
49;3;0.6659943235723674;repr
49;4;0.5054922417279861;repr
49;5;0.5305176980581899;repr
49;6;0.5505997626656882;repr
49;7;0.521604404082817;repr
49;8;0.4696009858329638;repr
49;9;0.5320671232806443;repr
