id;fold;val_score;representation
4;0;0.6135018104490875;repr
4;1;0.4469122392589688;repr
4;2;0.6528352271308004;repr
4;3;0.6554445792074555;repr
4;4;0.5405162691709645;repr
4;5;0.5303368868716608;repr
4;6;0.509711566076007;repr
4;7;0.4900490550589997;repr
4;8;0.5143581829727213;repr
4;9;0.5390762011705441;repr
