id;fold;val_score;representation
7;0;0.6355525042421685;repr
7;1;0.4802957328434821;repr
7;2;0.6267968697536407;repr
7;3;0.6643366123135834;repr
7;4;0.5628364198680142;repr
7;5;0.5233339792852817;repr
7;6;0.5106411247648392;repr
7;7;0.45830542451579714;repr
7;8;0.42317984335840997;repr
7;9;0.6238559561637705;repr
