id;fold;val_score;representation
8;0;0.6085420671619033;repr
8;1;0.44595373889758116;repr
8;2;0.6126937122674014;repr
8;3;0.6776141910748654;repr
8;4;0.544614864617285;repr
8;5;0.5386770238602159;repr
8;6;0.5230192194427138;repr
8;7;0.45194497187138205;repr
8;8;0.43766381703191287;repr
8;9;0.5385646164144873;repr
