id;fold;val_score;representation
9;0;0.5718204952773475;repr
9;1;0.4730474419694431;repr
9;2;0.609707536857471;repr
9;3;0.6089652408772747;repr
9;4;0.5487666433343206;repr
9;5;0.5415168367652379;repr
9;6;0.5200964256159961;repr
9;7;0.4706827610036203;repr
9;8;0.4879171334561841;repr
9;9;0.5263047710474137;repr
