id;fold;val_score;representation
1;0;0.06037639383976165;repr
1;1;0.06540502534845302;repr
1;2;0.06472817299471863;repr
1;3;0.05623813820418858;repr
1;4;0.06893439353298049;repr
