id;fold;val_score;representation
1;0;0.06184583183610251;repr
1;1;0.07076470335359054;repr
1;2;0.05984141267342817;repr
1;3;0.057837535065696576;repr
1;4;0.06890387036932455;repr
1;5;0.0718272374955004;repr
1;6;0.06349155838744215;repr
1;7;0.06107221699225566;repr
1;8;0.06630795646750802;repr
1;9;0.07180176709146913;repr
